INDEX,NAME,TYPE,MAC,SN,STREAM,IPMODE,IP,SUBNET,GW,MODE,SWVER,WEBVER,AUDIOSTREAM,AUDIOENABLE,RESOLUTION,2NDSTREAM,EXTREMEQUALITY,RS232BAUD,HDMIAUDIOENABLE,LASTFRAMEHOLD,DVIOFFSTREAMLOSS,EDID,WP_STREAM_WIN0,WP_STREAM_WIN1,WP_STREAM_WIN2,WP_STREAM_WIN3,WP_STREAM_WIN4,WP_STREAM_WIN5,WP_STREAM_WIN6,WP_STREAM_WIN7,WP_STREAM_WIN8,UNSOLICITEDIPADDR,DISCOVERYINTERVALSEC,ENABLEDISCOVERYPACKETS,MEDIAPORT0,MEDIAPORT1,PORTSHUTDOWN1,GRATARP,GRATARPINT,UNSOLSTATUS,UNSOLSTATUSINT,USERMCMODE,USERMCIP,IRCOMMANDHOLDOFF,IRREPEATHOLDOFF,USBENABLE,FORCEHTTPS,SETTINGSLOCK,STREAMAUDIO,MUTE,PLAYMODE,YCBCROUTPUT,GEN1COMPATIBILITY,SIMPLIFIEDDVI,LIVEAUDIOLOCALPLAY,BYPASSSCALER,LINEOUTVOLLEFT,LINEOUTVOLRIGHT,NEGATIVEVSYNC,NEGATIVEHSYNC,IGMPJOINSENABLE,IGMPJOINSINTERVAL,AUTOSYNCCONTROL,AUTOSYNCMAXADJUSTRATE,MAINTAINASPECTRATIO,LINEINGAINLEFT,LINEINGAINRIGHT,AUDIODELAY,PKTTTL,PKTDSCP,IMAGEQUALITY,MOTIONQUALITY,AUDIOINPUTTYPE,TXSAMPLERATE,TXEXTRAHOFFSET,TXEXTRAVOFFSET,SWAPCBCR,COLORSPACECOR,USEHPFORNONSUPMODE,UNCOMPRESSEDMODE,REDBRIGHTNESS,GREENBRIGHTNESS,BLUEBRIGHTNESS,SOGWINDOW,YCBCROUTPUTPASSTHRU,SIMPLEDVIDETECTPASSTHRU,HDMIAUDIOPASSTHRU,NEGATIVESYNCSPASSTHRU,ADCLEFTGAIN,ADCRIGHTGAIN,GEN1OUTPUTMODE,N2121COMPATIBILITY,ENCRYPTEDAUDIO,RELAXEDANALOGINPUTTIMING,MPCENABLE,VIDEOSOURCE,NTPSERVER1,NTPSERVER2,NTPSERVER3,MANUALDNS,DNSSERVER1,DNSSERVER2,SENDSCHEDULE,SENDSTARTTIME,SENDENDTIME,SENDUSERNAME,SENDPORT,SENDVALIDATE,SENDMETHOD,SENDAUTODELETE,SENDCONVERTMP4,SENDDESTADDR,RECORDBASENAME,SENDPATH,UNICASTMODE,UNICASTDESTIPADDR,AUDIOBITRATE,XPORTPORT,STREAMURL,RTSPPORT,RTCPPORT,VIDDETECTMODE,STREAMPCMAUDIO,GOPWIDTH,XPORTSTREAM,RTPENCAP,ENCODERMODE,FORCEMULTICAST,HTTPFILEDURSEC,STREAM_U,STREAM_C,P0_COMPRESSED,P1_COMPRESSED,P1_UNCOMPRESSED,HOMEPAGE,BRIGHTNESS,SLEEPDELAY,ENABLEWIRELESSAP,ENABLEBLUETOOTH,TXNAME,RXNAME,MASTERVOLLEFT,MASTERVOLRIGHT,HEADPHONEVOLLEFT,HEADPHONEVOLRIGHT,TXINPUTBALANCED,RELAY1CLOSED,RELAY2CLOSED,RELAYINTERLOCK,PHANTOMPOWER,UNSOLICITEDSTATUSINTERVAL,AUDIODELAYRX,CAPTURESAMPLERATE,UNICASTDESTIPADDR2,RXUNICASTMODE,DVRMODE,STREAM1A,STREAM2A,STREAM3A,STREAM4A,STREAM5A,STREAM6A,STREAM7A,STREAM8A,STREAM9A,MPEGMODE,GEN1STATPACKET,APPENDDESC,PREPENDTIMESTAMP,PREPENDSTREAM,ONLYNTP,VIDRTCPPORT,SUPPORTBFRAMES,DECODERMODE,DISABLECLOCKSYNC
0,AV100-01,N23-DEC,00:19:0B:85:4B:C1,N2322A10009651,28,Static IP,10.40.242.115,255.255.255.0,10.40.242.1,Live Play,6/5/2018,6/5/2018,28,0,,,,9600,,0,0,,,,,,,,,,,,,,,,,,,,,,,,,,,,,,,,,,,,,,,,,,,,,,,,,,,,,,,,,,,,,,,,,,,,,,,,,,,,,,,,,,,,,,,,,,,,,,,,,,,,,,,,,,,,,,,,,,,,,,,,,,,,,,,,,,,,,,,,,,,,,,,,,,,,,,,,,,
1,AV100-02,N23-DEC,00:19:0B:85:4B:C0,N2322A10009650,27,Static IP,10.40.242.114,255.255.255.0,10.40.242.1,Live Play,6/5/2018,6/5/2018,28,0,,,,9600,,0,0,,,,,,,,,,,,,,,,,,,,,,,,,,,,,,,,,,,,,,,,,,,,,,,,,,,,,,,,,,,,,,,,,,,,,,,,,,,,,,,,,,,,,,,,,,,,,,,,,,,,,,,,,,,,,,,,,,,,,,,,,,,,,,,,,,,,,,,,,,,,,,,,,,,,,,,,,,
2,AV100-03,N23-DEC,00:19:0B:85:4B:BD,N2322A10009647,26,Static IP,10.40.242.112,255.255.255.0,10.40.242.1,Live Play,6/5/2018,6/5/2018,0,0,,,,9600,,0,0,,,,,,,,,,,,,,,,,,,,,,,,,,,,,,,,,,,,,,,,,,,,,,,,,,,,,,,,,,,,,,,,,,,,,,,,,,,,,,,,,,,,,,,,,,,,,,,,,,,,,,,,,,,,,,,,,,,,,,,,,,,,,,,,,,,,,,,,,,,,,,,,,,,,,,,,,,
3,AV100-04,N23-DEC,00:19:0B:85:4B:CB,N2322A10009661,27,Static IP,10.40.242.121,255.255.255.0,10.40.242.1,Live Play,6/5/2018,6/5/2018,28,0,,,,9600,,0,0,,,,,,,,,,,,,,,,,,,,,,,,,,,,,,,,,,,,,,,,,,,,,,,,,,,,,,,,,,,,,,,,,,,,,,,,,,,,,,,,,,,,,,,,,,,,,,,,,,,,,,,,,,,,,,,,,,,,,,,,,,,,,,,,,,,,,,,,,,,,,,,,,,,,,,,,,,
4,AV100-05,N23-DEC,00:19:0B:85:4B:C7,N2322A10009657,28,Static IP,10.40.242.120,255.255.255.0,10.40.242.1,Live Play,6/5/2018,6/5/2018,28,0,,,,9600,,0,0,,,,,,,,,,,,,,,,,,,,,,,,,,,,,,,,,,,,,,,,,,,,,,,,,,,,,,,,,,,,,,,,,,,,,,,,,,,,,,,,,,,,,,,,,,,,,,,,,,,,,,,,,,,,,,,,,,,,,,,,,,,,,,,,,,,,,,,,,,,,,,,,,,,,,,,,,,
5,AV100-06,N23-DEC,00:19:0B:85:4A:73,N2322A10009317,27,Static IP,10.40.242.151,255.255.255.0,10.40.242.1,Live Play,6/5/2018,6/5/2018,28,0,,,,9600,,0,1,,,,,,,,,,,,,,,,,,,,,,,,,,,,,,,,,,,,,,,,,,,,,,,,,,,,,,,,,,,,,,,,,,,,,,,,,,,,,,,,,,,,,,,,,,,,,,,,,,,,,,,,,,,,,,,,,,,,,,,,,,,,,,,,,,,,,,,,,,,,,,,,,,,,,,,,,,
6,AV100-07,N23-DEC,00:19:0B:85:4A:6E,N2322A10009312,28,Static IP,10.40.242.148,255.255.255.0,10.40.242.1,Live Play,6/5/2018,6/5/2018,28,0,,,,9600,,0,1,,,,,,,,,,,,,,,,,,,,,,,,,,,,,,,,,,,,,,,,,,,,,,,,,,,,,,,,,,,,,,,,,,,,,,,,,,,,,,,,,,,,,,,,,,,,,,,,,,,,,,,,,,,,,,,,,,,,,,,,,,,,,,,,,,,,,,,,,,,,,,,,,,,,,,,,,,
7,AV100-09,N23-DEC,00:19:0B:85:4A:74,N2322A10009318,12,Static IP,10.40.242.152,255.255.255.0,10.40.242.1,Live Play,6/5/2018,6/5/2018,28,0,,,,9600,,0,1,,,,,,,,,,,,,,,,,,,,,,,,,,,,,,,,,,,,,,,,,,,,,,,,,,,,,,,,,,,,,,,,,,,,,,,,,,,,,,,,,,,,,,,,,,,,,,,,,,,,,,,,,,,,,,,,,,,,,,,,,,,,,,,,,,,,,,,,,,,,,,,,,,,,,,,,,,
8,AV100-10,N23-DEC,00:19:0B:85:4A:78,N2322A10009322,11,Static IP,10.40.242.154,255.255.255.0,10.40.242.1,Live Play,6/5/2018,6/5/2018,28,0,,,,9600,,0,1,,,,,,,,,,,,,,,,,,,,,,,,,,,,,,,,,,,,,,,,,,,,,,,,,,,,,,,,,,,,,,,,,,,,,,,,,,,,,,,,,,,,,,,,,,,,,,,,,,,,,,,,,,,,,,,,,,,,,,,,,,,,,,,,,,,,,,,,,,,,,,,,,,,,,,,,,,
9,AV100-11,N23-DEC,00:19:0B:85:4B:BC,N2322A10009646,20,Static IP,10.40.242.134,255.255.255.0,10.40.242.1,Live Play,6/5/2018,6/5/2018,28,0,,,,9600,,0,0,,,,,,,,,,,,,,,,,,,,,,,,,,,,,,,,,,,,,,,,,,,,,,,,,,,,,,,,,,,,,,,,,,,,,,,,,,,,,,,,,,,,,,,,,,,,,,,,,,,,,,,,,,,,,,,,,,,,,,,,,,,,,,,,,,,,,,,,,,,,,,,,,,,,,,,,,,
10,AV100-12,N23-DEC,00:19:0B:85:4B:C2,N2322A10009652,17,Static IP,10.40.242.116,255.255.255.0,10.40.242.1,Live Play,6/5/2018,6/5/2018,28,0,,,,9600,,0,0,,,,,,,,,,,,,,,,,,,,,,,,,,,,,,,,,,,,,,,,,,,,,,,,,,,,,,,,,,,,,,,,,,,,,,,,,,,,,,,,,,,,,,,,,,,,,,,,,,,,,,,,,,,,,,,,,,,,,,,,,,,,,,,,,,,,,,,,,,,,,,,,,,,,,,,,,,
11,AV101-01,N23-DEC,00:19:0B:85:4B:CA,N2322A10009660,14,Static IP,10.40.242.135,255.255.255.0,10.40.242.1,Live Play,6/5/2018,6/5/2018,28,0,,,,9600,,0,1,,,,,,,,,,,,,,,,,,,,,,,,,,,,,,,,,,,,,,,,,,,,,,,,,,,,,,,,,,,,,,,,,,,,,,,,,,,,,,,,,,,,,,,,,,,,,,,,,,,,,,,,,,,,,,,,,,,,,,,,,,,,,,,,,,,,,,,,,,,,,,,,,,,,,,,,,,
12,AV101-02,N23-DEC,00:19:0B:85:4B:BB,N2322A10009645,17,Static IP,10.40.242.167,255.255.255.0,10.40.242.1,Live Play,6/5/2018,6/5/2018,28,0,,,,9600,,0,1,,,,,,,,,,,,,,,,,,,,,,,,,,,,,,,,,,,,,,,,,,,,,,,,,,,,,,,,,,,,,,,,,,,,,,,,,,,,,,,,,,,,,,,,,,,,,,,,,,,,,,,,,,,,,,,,,,,,,,,,,,,,,,,,,,,,,,,,,,,,,,,,,,,,,,,,,,
13,AV101-03,N23-DEC,00:19:0B:85:4B:01,N2322A10009459,18,Static IP,10.40.242.166,255.255.255.0,10.40.242.1,Live Play,6/5/2018,6/5/2018,28,0,,,,9600,,0,1,,,,,,,,,,,,,,,,,,,,,,,,,,,,,,,,,,,,,,,,,,,,,,,,,,,,,,,,,,,,,,,,,,,,,,,,,,,,,,,,,,,,,,,,,,,,,,,,,,,,,,,,,,,,,,,,,,,,,,,,,,,,,,,,,,,,,,,,,,,,,,,,,,,,,,,,,,
14,AV101-04,N23-DEC,00:19:0B:85:4B:CD,N2322A10009663,11,Static IP,10.40.242.122,255.255.255.0,10.40.242.1,Live Play,6/5/2018,6/5/2018,28,0,,,,9600,,0,0,,,,,,,,,,,,,,,,,,,,,,,,,,,,,,,,,,,,,,,,,,,,,,,,,,,,,,,,,,,,,,,,,,,,,,,,,,,,,,,,,,,,,,,,,,,,,,,,,,,,,,,,,,,,,,,,,,,,,,,,,,,,,,,,,,,,,,,,,,,,,,,,,,,,,,,,,,
15,AV101-05,N23-DEC,00:19:0B:85:4B:C3,N2322A10009653,15,Static IP,10.40.242.117,255.255.255.0,10.40.242.1,Live Play,6/5/2018,6/5/2018,28,0,,,,9600,,0,0,,,,,,,,,,,,,,,,,,,,,,,,,,,,,,,,,,,,,,,,,,,,,,,,,,,,,,,,,,,,,,,,,,,,,,,,,,,,,,,,,,,,,,,,,,,,,,,,,,,,,,,,,,,,,,,,,,,,,,,,,,,,,,,,,,,,,,,,,,,,,,,,,,,,,,,,,,
16,AV101-06,N23-DEC,00:19:0B:85:4A:71,N2322A10009315,13,Static IP,10.40.242.206,255.255.255.0,10.40.242.1,Live Play,6/5/2018,6/5/2018,0,0,,,,9600,,0,0,,,,,,,,,,,,,,,,,,,,,,,,,,,,,,,,,,,,,,,,,,,,,,,,,,,,,,,,,,,,,,,,,,,,,,,,,,,,,,,,,,,,,,,,,,,,,,,,,,,,,,,,,,,,,,,,,,,,,,,,,,,,,,,,,,,,,,,,,,,,,,,,,,,,,,,,,,
17,AV101-07,N23-DEC,00:19:0B:85:39:54,N2322A10007164,13,Static IP,10.40.242.205,255.255.255.0,10.40.242.1,Live Play,6/5/2018,6/5/2018,0,0,,,,9600,,0,0,,,,,,,,,,,,,,,,,,,,,,,,,,,,,,,,,,,,,,,,,,,,,,,,,,,,,,,,,,,,,,,,,,,,,,,,,,,,,,,,,,,,,,,,,,,,,,,,,,,,,,,,,,,,,,,,,,,,,,,,,,,,,,,,,,,,,,,,,,,,,,,,,,,,,,,,,,
18,AV101-08,N23-DEC,00:19:0B:85:4A:75,N2322A10009319,15,Static IP,10.40.242.177,255.255.255.0,10.40.242.1,Live Play,6/5/2018,6/5/2018,28,0,,,,9600,,0,1,,,,,,,,,,,,,,,,,,,,,,,,,,,,,,,,,,,,,,,,,,,,,,,,,,,,,,,,,,,,,,,,,,,,,,,,,,,,,,,,,,,,,,,,,,,,,,,,,,,,,,,,,,,,,,,,,,,,,,,,,,,,,,,,,,,,,,,,,,,,,,,,,,,,,,,,,,
19,AV101-09,N23-DEC,00:19:0B:85:4A:76,N2322A10009320,14,Static IP,10.40.242.204,255.255.255.0,10.40.242.1,Live Play,6/5/2018,6/5/2018,0,0,,,,9600,,0,0,,,,,,,,,,,,,,,,,,,,,,,,,,,,,,,,,,,,,,,,,,,,,,,,,,,,,,,,,,,,,,,,,,,,,,,,,,,,,,,,,,,,,,,,,,,,,,,,,,,,,,,,,,,,,,,,,,,,,,,,,,,,,,,,,,,,,,,,,,,,,,,,,,,,,,,,,,
20,AV101-10,N23-DEC,00:19:0B:85:4A:21,N2322A10009235,13,Static IP,10.40.242.210,255.255.255.0,10.40.242.1,Live Play,6/5/2018,6/5/2018,0,0,,,,9600,,0,0,,,,,,,,,,,,,,,,,,,,,,,,,,,,,,,,,,,,,,,,,,,,,,,,,,,,,,,,,,,,,,,,,,,,,,,,,,,,,,,,,,,,,,,,,,,,,,,,,,,,,,,,,,,,,,,,,,,,,,,,,,,,,,,,,,,,,,,,,,,,,,,,,,,,,,,,,,
21,AV101-11,N23-DEC,00:19:0B:85:4C:68,N2322A10009818,13,Static IP,10.40.242.168,255.255.255.0,10.40.242.1,Live Play,6/5/2018,6/5/2018,0,0,,,,9600,,0,0,,,,,,,,,,,,,,,,,,,,,,,,,,,,,,,,,,,,,,,,,,,,,,,,,,,,,,,,,,,,,,,,,,,,,,,,,,,,,,,,,,,,,,,,,,,,,,,,,,,,,,,,,,,,,,,,,,,,,,,,,,,,,,,,,,,,,,,,,,,,,,,,,,,,,,,,,,
22,AV101-12,N23-DEC,00:19:0B:85:4B:CC,N2322A10009662,14,Static IP,10.40.242.136,255.255.255.0,10.40.242.1,Live Play,6/5/2018,6/5/2018,28,0,,,,9600,,0,1,,,,,,,,,,,,,,,,,,,,,,,,,,,,,,,,,,,,,,,,,,,,,,,,,,,,,,,,,,,,,,,,,,,,,,,,,,,,,,,,,,,,,,,,,,,,,,,,,,,,,,,,,,,,,,,,,,,,,,,,,,,,,,,,,,,,,,,,,,,,,,,,,,,,,,,,,,
23,AV101-13,N23-DEC,00:19:0B:85:4B:C6,N2322A10009656,13,Static IP,10.40.242.119,255.255.255.0,10.40.242.1,Live Play,6/5/2018,6/5/2018,28,0,,,,9600,,0,0,,,,,,,,,,,,,,,,,,,,,,,,,,,,,,,,,,,,,,,,,,,,,,,,,,,,,,,,,,,,,,,,,,,,,,,,,,,,,,,,,,,,,,,,,,,,,,,,,,,,,,,,,,,,,,,,,,,,,,,,,,,,,,,,,,,,,,,,,,,,,,,,,,,,,,,,,,
24,AV102-01,N23-DEC,00:19:0B:85:4A:FC,N2322A10009454,17,Static IP,10.40.242.187,255.255.255.0,10.40.242.1,Live Play,6/5/2018,6/5/2018,0,0,,,,9600,,0,1,,,,,,,,,,,,,,,,,,,,,,,,,,,,,,,,,,,,,,,,,,,,,,,,,,,,,,,,,,,,,,,,,,,,,,,,,,,,,,,,,,,,,,,,,,,,,,,,,,,,,,,,,,,,,,,,,,,,,,,,,,,,,,,,,,,,,,,,,,,,,,,,,,,,,,,,,,
25,AV102-02,N23-DEC,00:19:0B:85:4A:F3,N2322A10009445,11,Static IP,10.40.242.106,255.255.255.0,10.40.242.1,Live Play,6/5/2018,6/5/2018,28,0,,,,9600,,0,0,,,,,,,,,,,,,,,,,,,,,,,,,,,,,,,,,,,,,,,,,,,,,,,,,,,,,,,,,,,,,,,,,,,,,,,,,,,,,,,,,,,,,,,,,,,,,,,,,,,,,,,,,,,,,,,,,,,,,,,,,,,,,,,,,,,,,,,,,,,,,,,,,,,,,,,,,,
26,AV102-03,N23-DEC,00:19:0B:85:4A:F2,N2322A10009444,14,Static IP,10.40.242.165,255.255.255.0,10.40.242.1,Live Play,6/5/2018,6/5/2018,28,0,,,,9600,,0,1,,,,,,,,,,,,,,,,,,,,,,,,,,,,,,,,,,,,,,,,,,,,,,,,,,,,,,,,,,,,,,,,,,,,,,,,,,,,,,,,,,,,,,,,,,,,,,,,,,,,,,,,,,,,,,,,,,,,,,,,,,,,,,,,,,,,,,,,,,,,,,,,,,,,,,,,,,
27,AV102-07,N23-DEC,00:19:0B:85:4A:18,N2322A10009226,20,Static IP,10.40.242.100,255.255.255.0,10.40.242.1,Live Play,6/5/2018,6/5/2018,28,0,,,,9600,,0,0,,,,,,,,,,,,,,,,,,,,,,,,,,,,,,,,,,,,,,,,,,,,,,,,,,,,,,,,,,,,,,,,,,,,,,,,,,,,,,,,,,,,,,,,,,,,,,,,,,,,,,,,,,,,,,,,,,,,,,,,,,,,,,,,,,,,,,,,,,,,,,,,,,,,,,,,,,
28,AV102-13,N23-DEC,00:19:0B:85:4B:BF,N2322A10009649,11,Static IP,10.40.242.113,255.255.255.0,10.40.242.1,Live Play,6/5/2018,6/5/2018,28,0,,,,9600,,0,0,,,,,,,,,,,,,,,,,,,,,,,,,,,,,,,,,,,,,,,,,,,,,,,,,,,,,,,,,,,,,,,,,,,,,,,,,,,,,,,,,,,,,,,,,,,,,,,,,,,,,,,,,,,,,,,,,,,,,,,,,,,,,,,,,,,,,,,,,,,,,,,,,,,,,,,,,,
29,AV102-14,N23-DEC,00:19:0B:85:4B:BA,N2322A10009644,12,Static IP,10.40.242.110,255.255.255.0,10.40.242.1,Live Play,6/5/2018,6/5/2018,28,0,,,,9600,,0,0,,,,,,,,,,,,,,,,,,,,,,,,,,,,,,,,,,,,,,,,,,,,,,,,,,,,,,,,,,,,,,,,,,,,,,,,,,,,,,,,,,,,,,,,,,,,,,,,,,,,,,,,,,,,,,,,,,,,,,,,,,,,,,,,,,,,,,,,,,,,,,,,,,,,,,,,,,
30,AV102-15,N23-DEC,00:19:0B:85:4B:BE,N2322A10009648,18,Static IP,10.40.242.195,255.255.255.0,10.40.242.1,Live Play,6/5/2018,6/5/2018,0,0,,,,9600,,0,0,,,,,,,,,,,,,,,,,,,,,,,,,,,,,,,,,,,,,,,,,,,,,,,,,,,,,,,,,,,,,,,,,,,,,,,,,,,,,,,,,,,,,,,,,,,,,,,,,,,,,,,,,,,,,,,,,,,,,,,,,,,,,,,,,,,,,,,,,,,,,,,,,,,,,,,,,,
31,AV102-16,N23-DEC,00:19:0B:85:4A:19,N2322A10009227,17,Static IP,10.40.242.101,255.255.255.0,10.40.242.1,Live Play,6/5/2018,6/5/2018,28,0,,,,9600,,0,0,,,,,,,,,,,,,,,,,,,,,,,,,,,,,,,,,,,,,,,,,,,,,,,,,,,,,,,,,,,,,,,,,,,,,,,,,,,,,,,,,,,,,,,,,,,,,,,,,,,,,,,,,,,,,,,,,,,,,,,,,,,,,,,,,,,,,,,,,,,,,,,,,,,,,,,,,,
32,AV102-17,N23-DEC,00:19:0B:85:4B:C5,N2322A10009655,16,Static IP,10.40.242.118,255.255.255.0,10.40.242.1,Live Play,6/5/2018,6/5/2018,28,0,,,,9600,,0,0,,,,,,,,,,,,,,,,,,,,,,,,,,,,,,,,,,,,,,,,,,,,,,,,,,,,,,,,,,,,,,,,,,,,,,,,,,,,,,,,,,,,,,,,,,,,,,,,,,,,,,,,,,,,,,,,,,,,,,,,,,,,,,,,,,,,,,,,,,,,,,,,,,,,,,,,,,
33,AV102-18,N23-DEC,00:19:0B:85:4A:1E,N2322A10009232,15,Static IP,10.40.242.103,255.255.255.0,10.40.242.1,Live Play,6/5/2018,6/5/2018,28,0,,,,9600,,0,0,,,,,,,,,,,,,,,,,,,,,,,,,,,,,,,,,,,,,,,,,,,,,,,,,,,,,,,,,,,,,,,,,,,,,,,,,,,,,,,,,,,,,,,,,,,,,,,,,,,,,,,,,,,,,,,,,,,,,,,,,,,,,,,,,,,,,,,,,,,,,,,,,,,,,,,,,,
34,AV102-20,N23-DEC,00:19:0B:85:4A:6D,N2322A10009311,20,Static IP,10.40.242.188,255.255.255.0,10.40.242.1,Live Play,6/5/2018,6/5/2018,0,0,,,,9600,,0,0,,,,,,,,,,,,,,,,,,,,,,,,,,,,,,,,,,,,,,,,,,,,,,,,,,,,,,,,,,,,,,,,,,,,,,,,,,,,,,,,,,,,,,,,,,,,,,,,,,,,,,,,,,,,,,,,,,,,,,,,,,,,,,,,,,,,,,,,,,,,,,,,,,,,,,,,,,
35,AV102-22,N23-DEC,00:19:0B:85:4A:67,N2322A10009305,11,Static IP,10.40.242.209,255.255.255.0,10.40.242.1,Live Play,6/5/2018,6/5/2018,0,0,,,,9600,,0,0,,,,,,,,,,,,,,,,,,,,,,,,,,,,,,,,,,,,,,,,,,,,,,,,,,,,,,,,,,,,,,,,,,,,,,,,,,,,,,,,,,,,,,,,,,,,,,,,,,,,,,,,,,,,,,,,,,,,,,,,,,,,,,,,,,,,,,,,,,,,,,,,,,,,,,,,,,
36,AV102-23,N23-DEC,00:19:0B:85:39:63,N2322A10007179,18,Static IP,10.40.242.181,255.255.255.0,10.40.242.1,Live Play,6/5/2018,6/5/2018,28,0,,,,9600,,0,1,,,,,,,,,,,,,,,,,,,,,,,,,,,,,,,,,,,,,,,,,,,,,,,,,,,,,,,,,,,,,,,,,,,,,,,,,,,,,,,,,,,,,,,,,,,,,,,,,,,,,,,,,,,,,,,,,,,,,,,,,,,,,,,,,,,,,,,,,,,,,,,,,,,,,,,,,,
37,AV102-24,N23-DEC,00:19:0B:85:4A:70,N2322A10009314,12,Static IP,10.40.242.208,255.255.255.0,10.40.242.1,Live Play,6/5/2018,6/5/2018,0,0,,,,9600,,0,0,,,,,,,,,,,,,,,,,,,,,,,,,,,,,,,,,,,,,,,,,,,,,,,,,,,,,,,,,,,,,,,,,,,,,,,,,,,,,,,,,,,,,,,,,,,,,,,,,,,,,,,,,,,,,,,,,,,,,,,,,,,,,,,,,,,,,,,,,,,,,,,,,,,,,,,,,,
38,AV102-25,N23-DEC,00:19:0B:85:39:59,N2322A10007169,11,Static IP,10.40.242.207,255.255.255.0,10.40.242.1,Live Play,6/5/2018,6/5/2018,0,0,,,,9600,,0,0,,,,,,,,,,,,,,,,,,,,,,,,,,,,,,,,,,,,,,,,,,,,,,,,,,,,,,,,,,,,,,,,,,,,,,,,,,,,,,,,,,,,,,,,,,,,,,,,,,,,,,,,,,,,,,,,,,,,,,,,,,,,,,,,,,,,,,,,,,,,,,,,,,,,,,,,,,
39,AV103-01,N23-DEC,00:19:0B:85:4A:72,N2322A10009316,28,Static IP,10.40.242.150,255.255.255.0,10.40.242.1,Live Play,6/5/2018,6/5/2018,28,0,,,,9600,,0,1,,,,,,,,,,,,,,,,,,,,,,,,,,,,,,,,,,,,,,,,,,,,,,,,,,,,,,,,,,,,,,,,,,,,,,,,,,,,,,,,,,,,,,,,,,,,,,,,,,,,,,,,,,,,,,,,,,,,,,,,,,,,,,,,,,,,,,,,,,,,,,,,,,,,,,,,,,
40,AV103-02,N23-DEC,00:19:0B:85:4A:77,N2322A10009321,27,Static IP,10.40.242.153,255.255.255.0,10.40.242.1,Live Play,6/5/2018,6/5/2018,28,0,,,,9600,,0,1,,,,,,,,,,,,,,,,,,,,,,,,,,,,,,,,,,,,,,,,,,,,,,,,,,,,,,,,,,,,,,,,,,,,,,,,,,,,,,,,,,,,,,,,,,,,,,,,,,,,,,,,,,,,,,,,,,,,,,,,,,,,,,,,,,,,,,,,,,,,,,,,,,,,,,,,,,
41,AV103-03,N23-DEC,00:19:0B:85:4A:F7,N2322A10009449,28,Static IP,10.40.242.107,255.255.255.0,10.40.242.1,Live Play,6/5/2018,6/5/2018,28,0,,,,9600,,0,0,,,,,,,,,,,,,,,,,,,,,,,,,,,,,,,,,,,,,,,,,,,,,,,,,,,,,,,,,,,,,,,,,,,,,,,,,,,,,,,,,,,,,,,,,,,,,,,,,,,,,,,,,,,,,,,,,,,,,,,,,,,,,,,,,,,,,,,,,,,,,,,,,,,,,,,,,,
42,AV103-04,N23-DEC,00:19:0B:85:4A:F8,N2322A10009450,26,Static IP,10.40.242.133,255.255.255.0,10.40.242.1,Live Play,6/5/2018,6/5/2018,0,0,,,,9600,,0,0,,,,,,,,,,,,,,,,,,,,,,,,,,,,,,,,,,,,,,,,,,,,,,,,,,,,,,,,,,,,,,,,,,,,,,,,,,,,,,,,,,,,,,,,,,,,,,,,,,,,,,,,,,,,,,,,,,,,,,,,,,,,,,,,,,,,,,,,,,,,,,,,,,,,,,,,,,
43,AV103-07,N23-DEC,00:19:0B:85:4A:68,N2322A10009306,7,Static IP,10.40.242.144,255.255.255.0,10.40.242.1,Live Play,6/5/2018,6/5/2018,28,0,,,,9600,,0,1,,,,,,,,,,,,,,,,,,,,,,,,,,,,,,,,,,,,,,,,,,,,,,,,,,,,,,,,,,,,,,,,,,,,,,,,,,,,,,,,,,,,,,,,,,,,,,,,,,,,,,,,,,,,,,,,,,,,,,,,,,,,,,,,,,,,,,,,,,,,,,,,,,,,,,,,,,
44,AV103-08,N23-DEC,00:19:0B:85:4A:69,N2322A10009307,16,Static IP,10.40.242.145,255.255.255.0,10.40.242.1,Live Play,6/5/2018,6/5/2018,28,0,,,,9600,,0,1,,,,,,,,,,,,,,,,,,,,,,,,,,,,,,,,,,,,,,,,,,,,,,,,,,,,,,,,,,,,,,,,,,,,,,,,,,,,,,,,,,,,,,,,,,,,,,,,,,,,,,,,,,,,,,,,,,,,,,,,,,,,,,,,,,,,,,,,,,,,,,,,,,,,,,,,,,
45,AV103-09,N23-DEC,00:19:0B:85:4A:79,N2322A10009323,21,Static IP,10.40.242.155,255.255.255.0,10.40.242.1,Live Play,6/5/2018,6/5/2018,28,0,,,,9600,,0,1,,,,,,,,,,,,,,,,,,,,,,,,,,,,,,,,,,,,,,,,,,,,,,,,,,,,,,,,,,,,,,,,,,,,,,,,,,,,,,,,,,,,,,,,,,,,,,,,,,,,,,,,,,,,,,,,,,,,,,,,,,,,,,,,,,,,,,,,,,,,,,,,,,,,,,,,,,
46,AV106-01,N23-DEC,00:19:0B:85:4A:20,N2322A10009234,5,Static IP,10.40.242.143,255.255.255.0,10.40.242.1,Live Play,6/5/2018,6/5/2018,28,0,,,,9600,,0,1,,,,,,,,,,,,,,,,,,,,,,,,,,,,,,,,,,,,,,,,,,,,,,,,,,,,,,,,,,,,,,,,,,,,,,,,,,,,,,,,,,,,,,,,,,,,,,,,,,,,,,,,,,,,,,,,,,,,,,,,,,,,,,,,,,,,,,,,,,,,,,,,,,,,,,,,,,
47,AV106-03,N23-DEC,00:19:0B:85:4B:02,N2322A10009460,4,Static IP,10.40.242.179,255.255.255.0,10.40.242.1,Live Play,6/5/2018,6/5/2018,28,0,,,,9600,,0,1,,,,,,,,,,,,,,,,,,,,,,,,,,,,,,,,,,,,,,,,,,,,,,,,,,,,,,,,,,,,,,,,,,,,,,,,,,,,,,,,,,,,,,,,,,,,,,,,,,,,,,,,,,,,,,,,,,,,,,,,,,,,,,,,,,,,,,,,,,,,,,,,,,,,,,,,,,
48,AV106-04,N23-DEC,00:19:0B:85:4A:FD,N2322A10009455,3,Static IP,10.40.242.178,255.255.255.0,10.40.242.1,Live Play,6/5/2018,6/5/2018,28,0,,,,9600,,0,1,,,,,,,,,,,,,,,,,,,,,,,,,,,,,,,,,,,,,,,,,,,,,,,,,,,,,,,,,,,,,,,,,,,,,,,,,,,,,,,,,,,,,,,,,,,,,,,,,,,,,,,,,,,,,,,,,,,,,,,,,,,,,,,,,,,,,,,,,,,,,,,,,,,,,,,,,,
49,AV106-05,N23-DEC,00:19:0B:85:4B:03,N2322A10009461,2,Static IP,10.40.242.211,255.255.255.0,10.40.242.1,Live Play,6/5/2018,6/5/2018,0,0,,,,9600,,0,0,,,,,,,,,,,,,,,,,,,,,,,,,,,,,,,,,,,,,,,,,,,,,,,,,,,,,,,,,,,,,,,,,,,,,,,,,,,,,,,,,,,,,,,,,,,,,,,,,,,,,,,,,,,,,,,,,,,,,,,,,,,,,,,,,,,,,,,,,,,,,,,,,,,,,,,,,,
50,AV106-06,N23-DEC,00:19:0B:85:4A:FE,N2322A10009456,1,Static IP,10.40.242.180,255.255.255.0,10.40.242.1,Live Play,6/5/2018,6/5/2018,28,0,,,,9600,,0,1,,,,,,,,,,,,,,,,,,,,,,,,,,,,,,,,,,,,,,,,,,,,,,,,,,,,,,,,,,,,,,,,,,,,,,,,,,,,,,,,,,,,,,,,,,,,,,,,,,,,,,,,,,,,,,,,,,,,,,,,,,,,,,,,,,,,,,,,,,,,,,,,,,,,,,,,,,
51,AV106-07,N23-DEC,00:19:0B:85:4A:94,N2322A10009350,8,Static IP,10.40.242.176,255.255.255.0,10.40.242.1,Live Play,6/5/2018,6/5/2018,28,0,,,,9600,,0,1,,,,,,,,,,,,,,,,,,,,,,,,,,,,,,,,,,,,,,,,,,,,,,,,,,,,,,,,,,,,,,,,,,,,,,,,,,,,,,,,,,,,,,,,,,,,,,,,,,,,,,,,,,,,,,,,,,,,,,,,,,,,,,,,,,,,,,,,,,,,,,,,,,,,,,,,,,
52,AV106-08,N23-DEC,00:19:0B:85:4A:0C,N2322A10009214,7,Static IP,10.40.242.175,255.255.255.0,10.40.242.1,Live Play,6/5/2018,6/5/2018,28,0,,,,9600,,0,1,,,,,,,,,,,,,,,,,,,,,,,,,,,,,,,,,,,,,,,,,,,,,,,,,,,,,,,,,,,,,,,,,,,,,,,,,,,,,,,,,,,,,,,,,,,,,,,,,,,,,,,,,,,,,,,,,,,,,,,,,,,,,,,,,,,,,,,,,,,,,,,,,,,,,,,,,,
53,AV106-09,N23-DEC,00:19:0B:85:4A:23,N2322A10009237,6,Static IP,10.40.242.174,255.255.255.0,10.40.242.1,Live Play,6/5/2018,6/5/2018,28,0,,,,9600,,0,1,,,,,,,,,,,,,,,,,,,,,,,,,,,,,,,,,,,,,,,,,,,,,,,,,,,,,,,,,,,,,,,,,,,,,,,,,,,,,,,,,,,,,,,,,,,,,,,,,,,,,,,,,,,,,,,,,,,,,,,,,,,,,,,,,,,,,,,,,,,,,,,,,,,,,,,,,,
54,AV106-10,N23-DEC,00:19:0B:85:4A:1F,N2322A10009233,5,Static IP,10.40.242.173,255.255.255.0,10.40.242.1,Live Play,6/5/2018,6/5/2018,28,0,,,,9600,,0,1,,,,,,,,,,,,,,,,,,,,,,,,,,,,,,,,,,,,,,,,,,,,,,,,,,,,,,,,,,,,,,,,,,,,,,,,,,,,,,,,,,,,,,,,,,,,,,,,,,,,,,,,,,,,,,,,,,,,,,,,,,,,,,,,,,,,,,,,,,,,,,,,,,,,,,,,,,
55,AV106-11,N23-DEC,00:19:0B:85:4A:09,N2322A10009211,4,Static IP,10.40.242.172,255.255.255.0,10.40.242.1,Live Play,6/5/2018,6/5/2018,28,0,,,,9600,,0,1,,,,,,,,,,,,,,,,,,,,,,,,,,,,,,,,,,,,,,,,,,,,,,,,,,,,,,,,,,,,,,,,,,,,,,,,,,,,,,,,,,,,,,,,,,,,,,,,,,,,,,,,,,,,,,,,,,,,,,,,,,,,,,,,,,,,,,,,,,,,,,,,,,,,,,,,,,
56,AV106-12,N23-DEC,00:19:0B:85:4A:07,N2322A10009209,3,Static IP,10.40.242.171,255.255.255.0,10.40.242.1,Live Play,6/5/2018,6/5/2018,28,0,,,,9600,,0,1,,,,,,,,,,,,,,,,,,,,,,,,,,,,,,,,,,,,,,,,,,,,,,,,,,,,,,,,,,,,,,,,,,,,,,,,,,,,,,,,,,,,,,,,,,,,,,,,,,,,,,,,,,,,,,,,,,,,,,,,,,,,,,,,,,,,,,,,,,,,,,,,,,,,,,,,,,
57,AV106-13,N23-DEC,00:19:0B:85:4A:12,N2322A10009220,2,Static IP,10.40.242.170,255.255.255.0,10.40.242.1,Live Play,6/5/2018,6/5/2018,28,0,,,,9600,,0,1,,,,,,,,,,,,,,,,,,,,,,,,,,,,,,,,,,,,,,,,,,,,,,,,,,,,,,,,,,,,,,,,,,,,,,,,,,,,,,,,,,,,,,,,,,,,,,,,,,,,,,,,,,,,,,,,,,,,,,,,,,,,,,,,,,,,,,,,,,,,,,,,,,,,,,,,,,
58,AV106-14,N23-DEC,00:19:0B:85:4A:26,N2322A10009240,1,Static IP,10.40.242.169,255.255.255.0,10.40.242.1,Live Play,6/5/2018,6/5/2018,28,0,,,,9600,,0,1,,,,,,,,,,,,,,,,,,,,,,,,,,,,,,,,,,,,,,,,,,,,,,,,,,,,,,,,,,,,,,,,,,,,,,,,,,,,,,,,,,,,,,,,,,,,,,,,,,,,,,,,,,,,,,,,,,,,,,,,,,,,,,,,,,,,,,,,,,,,,,,,,,,,,,,,,,
59,AV106-15,N23-DEC,00:19:0B:85:4A:98,N2322A10009354,21,Static IP,10.40.242.161,255.255.255.0,10.40.242.1,Live Play,6/5/2018,6/5/2018,28,0,,,,9600,,0,1,,,,,,,,,,,,,,,,,,,,,,,,,,,,,,,,,,,,,,,,,,,,,,,,,,,,,,,,,,,,,,,,,,,,,,,,,,,,,,,,,,,,,,,,,,,,,,,,,,,,,,,,,,,,,,,,,,,,,,,,,,,,,,,,,,,,,,,,,,,,,,,,,,,,,,,,,,
60,AV106-16,N23-DEC,00:19:0B:85:4A:8E,N2322A10009344,7,Static IP,10.40.242.156,255.255.255.0,10.40.242.1,Live Play,6/5/2018,6/5/2018,28,0,,,,9600,,0,1,,,,,,,,,,,,,,,,,,,,,,,,,,,,,,,,,,,,,,,,,,,,,,,,,,,,,,,,,,,,,,,,,,,,,,,,,,,,,,,,,,,,,,,,,,,,,,,,,,,,,,,,,,,,,,,,,,,,,,,,,,,,,,,,,,,,,,,,,,,,,,,,,,,,,,,,,,
61,AV106-17,N23-DEC,00:19:0B:85:4A:11,N2322A10009219,6,Static IP,10.40.242.140,255.255.255.0,10.40.242.1,Live Play,6/5/2018,6/5/2018,0,0,,,,9600,,0,0,,,,,,,,,,,,,,,,,,,,,,,,,,,,,,,,,,,,,,,,,,,,,,,,,,,,,,,,,,,,,,,,,,,,,,,,,,,,,,,,,,,,,,,,,,,,,,,,,,,,,,,,,,,,,,,,,,,,,,,,,,,,,,,,,,,,,,,,,,,,,,,,,,,,,,,,,,
62,AV106-18,N23-DEC,00:19:0B:85:4A:93,N2322A10009349,5,Static IP,10.40.242.159,255.255.255.0,10.40.242.1,Live Play,6/5/2018,6/5/2018,28,0,,,,9600,,0,1,,,,,,,,,,,,,,,,,,,,,,,,,,,,,,,,,,,,,,,,,,,,,,,,,,,,,,,,,,,,,,,,,,,,,,,,,,,,,,,,,,,,,,,,,,,,,,,,,,,,,,,,,,,,,,,,,,,,,,,,,,,,,,,,,,,,,,,,,,,,,,,,,,,,,,,,,,
63,AV106-19,N23-DEC,00:19:0B:85:4A:0A,N2322A10009212,4,Static IP,10.40.242.141,255.255.255.0,10.40.242.1,Live Play,6/5/2018,6/5/2018,28,0,,,,9600,,0,1,,,,,,,,,,,,,,,,,,,,,,,,,,,,,,,,,,,,,,,,,,,,,,,,,,,,,,,,,,,,,,,,,,,,,,,,,,,,,,,,,,,,,,,,,,,,,,,,,,,,,,,,,,,,,,,,,,,,,,,,,,,,,,,,,,,,,,,,,,,,,,,,,,,,,,,,,,
64,AV106-20,N23-DEC,00:19:0B:85:4A:6C,N2322A10009310,3,Static IP,10.40.242.147,255.255.255.0,10.40.242.1,Live Play,6/5/2018,6/5/2018,28,0,,,,9600,,0,1,,,,,,,,,,,,,,,,,,,,,,,,,,,,,,,,,,,,,,,,,,,,,,,,,,,,,,,,,,,,,,,,,,,,,,,,,,,,,,,,,,,,,,,,,,,,,,,,,,,,,,,,,,,,,,,,,,,,,,,,,,,,,,,,,,,,,,,,,,,,,,,,,,,,,,,,,,
65,AV106-21,N23-DEC,00:19:0B:85:4A:6A,N2322A10009308,2,Static IP,10.40.242.146,255.255.255.0,10.40.242.1,Live Play,6/5/2018,6/5/2018,0,0,,,,9600,,0,1,,,,,,,,,,,,,,,,,,,,,,,,,,,,,,,,,,,,,,,,,,,,,,,,,,,,,,,,,,,,,,,,,,,,,,,,,,,,,,,,,,,,,,,,,,,,,,,,,,,,,,,,,,,,,,,,,,,,,,,,,,,,,,,,,,,,,,,,,,,,,,,,,,,,,,,,,,
66,AV106-22,N23-DEC,00:19:0B:85:4A:6F,N2322A10009313,1,Static IP,10.40.242.149,255.255.255.0,10.40.242.1,Live Play,6/5/2018,6/5/2018,28,0,,,,9600,,0,1,,,,,,,,,,,,,,,,,,,,,,,,,,,,,,,,,,,,,,,,,,,,,,,,,,,,,,,,,,,,,,,,,,,,,,,,,,,,,,,,,,,,,,,,,,,,,,,,,,,,,,,,,,,,,,,,,,,,,,,,,,,,,,,,,,,,,,,,,,,,,,,,,,,,,,,,,,
67,AV106-23,N23-DEC,00:19:0B:85:4A:22,N2322A10009236,21,Static IP,10.40.242.104,255.255.255.0,10.40.242.1,Live Play,6/5/2018,6/5/2018,28,0,,,,9600,,0,0,,,,,,,,,,,,,,,,,,,,,,,,,,,,,,,,,,,,,,,,,,,,,,,,,,,,,,,,,,,,,,,,,,,,,,,,,,,,,,,,,,,,,,,,,,,,,,,,,,,,,,,,,,,,,,,,,,,,,,,,,,,,,,,,,,,,,,,,,,,,,,,,,,,,,,,,,,
68,AV106-24,N23-DEC,00:19:0B:85:4A:28,N2322A10009242,7,Static IP,10.40.242.105,255.255.255.0,10.40.242.1,Live Play,6/5/2018,6/5/2018,28,0,,,,9600,,0,0,,,,,,,,,,,,,,,,,,,,,,,,,,,,,,,,,,,,,,,,,,,,,,,,,,,,,,,,,,,,,,,,,,,,,,,,,,,,,,,,,,,,,,,,,,,,,,,,,,,,,,,,,,,,,,,,,,,,,,,,,,,,,,,,,,,,,,,,,,,,,,,,,,,,,,,,,,
69,AV106-25,N23-DEC,00:19:0B:85:4A:1A,N2322A10009228,8,Static IP,10.40.242.123,255.255.255.0,10.40.242.1,Live Play,6/5/2018,6/5/2018,28,0,,,,9600,,0,0,,,,,,,,,,,,,,,,,,,,,,,,,,,,,,,,,,,,,,,,,,,,,,,,,,,,,,,,,,,,,,,,,,,,,,,,,,,,,,,,,,,,,,,,,,,,,,,,,,,,,,,,,,,,,,,,,,,,,,,,,,,,,,,,,,,,,,,,,,,,,,,,,,,,,,,,,,
70,AV107-01,N23-DEC,00:19:0B:85:4A:16,N2322A10009224,17,Static IP,10.40.242.214,255.255.255.0,10.40.242.1,Live Play,6/5/2018,6/5/2018,0,0,,,,9600,,0,0,,,,,,,,,,,,,,,,,,,,,,,,,,,,,,,,,,,,,,,,,,,,,,,,,,,,,,,,,,,,,,,,,,,,,,,,,,,,,,,,,,,,,,,,,,,,,,,,,,,,,,,,,,,,,,,,,,,,,,,,,,,,,,,,,,,,,,,,,,,,,,,,,,,,,,,,,,
71,AV107-02,N23-DEC,00:19:0B:85:4A:FF,N2322A10009457,14,Static IP,10.40.242.202,255.255.255.0,10.40.242.1,Live Play,6/5/2018,6/5/2018,0,0,,,,9600,,0,0,,,,,,,,,,,,,,,,,,,,,,,,,,,,,,,,,,,,,,,,,,,,,,,,,,,,,,,,,,,,,,,,,,,,,,,,,,,,,,,,,,,,,,,,,,,,,,,,,,,,,,,,,,,,,,,,,,,,,,,,,,,,,,,,,,,,,,,,,,,,,,,,,,,,,,,,,,
72,AV107-03,N23-DEC,00:19:0B:85:4B:04,N2322A10009462,20,Static IP,10.40.242.203,255.255.255.0,10.40.242.1,Live Play,6/5/2018,6/5/2018,0,0,,,,9600,,0,0,,,,,,,,,,,,,,,,,,,,,,,,,,,,,,,,,,,,,,,,,,,,,,,,,,,,,,,,,,,,,,,,,,,,,,,,,,,,,,,,,,,,,,,,,,,,,,,,,,,,,,,,,,,,,,,,,,,,,,,,,,,,,,,,,,,,,,,,,,,,,,,,,,,,,,,,,,
73,AV107-04,N23-DEC,00:19:0B:85:4A:F6,N2322A10009448,20,Static IP,10.40.242.199,255.255.255.0,10.40.242.1,Live Play,6/5/2018,6/5/2018,0,0,,,,9600,,0,0,,,,,,,,,,,,,,,,,,,,,,,,,,,,,,,,,,,,,,,,,,,,,,,,,,,,,,,,,,,,,,,,,,,,,,,,,,,,,,,,,,,,,,,,,,,,,,,,,,,,,,,,,,,,,,,,,,,,,,,,,,,,,,,,,,,,,,,,,,,,,,,,,,,,,,,,,,
74,AV107-05,N23-DEC,00:19:0B:85:4B:05,N2322A10009463,8,Static IP,10.40.242.200,255.255.255.0,10.40.242.1,Live Play,6/5/2018,6/5/2018,0,0,,,,9600,,0,0,,,,,,,,,,,,,,,,,,,,,,,,,,,,,,,,,,,,,,,,,,,,,,,,,,,,,,,,,,,,,,,,,,,,,,,,,,,,,,,,,,,,,,,,,,,,,,,,,,,,,,,,,,,,,,,,,,,,,,,,,,,,,,,,,,,,,,,,,,,,,,,,,,,,,,,,,,
75,AV107-06,N23-DEC,00:19:0B:85:4B:00,N2322A10009458,11,Static IP,10.40.242.201,255.255.255.0,10.40.242.1,Live Play,6/5/2018,6/5/2018,0,0,,,,9600,,0,0,,,,,,,,,,,,,,,,,,,,,,,,,,,,,,,,,,,,,,,,,,,,,,,,,,,,,,,,,,,,,,,,,,,,,,,,,,,,,,,,,,,,,,,,,,,,,,,,,,,,,,,,,,,,,,,,,,,,,,,,,,,,,,,,,,,,,,,,,,,,,,,,,,,,,,,,,,
76,AV107-07,N23-DEC,00:19:0B:85:4A:A1,N2322A10009363,22,Static IP,10.40.242.164,255.255.255.0,10.40.242.1,Live Play,6/5/2018,6/5/2018,28,0,,,,9600,,0,1,,,,,,,,,,,,,,,,,,,,,,,,,,,,,,,,,,,,,,,,,,,,,,,,,,,,,,,,,,,,,,,,,,,,,,,,,,,,,,,,,,,,,,,,,,,,,,,,,,,,,,,,,,,,,,,,,,,,,,,,,,,,,,,,,,,,,,,,,,,,,,,,,,,,,,,,,,
77,AV107-08,N23-DEC,00:19:0B:85:4A:A0,N2322A10009362,17,Static IP,10.40.242.163,255.255.255.0,10.40.242.1,Live Play,6/5/2018,6/5/2018,28,0,,,,9600,,0,1,,,,,,,,,,,,,,,,,,,,,,,,,,,,,,,,,,,,,,,,,,,,,,,,,,,,,,,,,,,,,,,,,,,,,,,,,,,,,,,,,,,,,,,,,,,,,,,,,,,,,,,,,,,,,,,,,,,,,,,,,,,,,,,,,,,,,,,,,,,,,,,,,,,,,,,,,,
78,AV107-09,N23-DEC,00:19:0B:85:4A:92,N2322A10009348,11,Static IP,10.40.242.158,255.255.255.0,10.40.242.1,Live Play,6/5/2018,6/5/2018,28,0,,,,9600,,0,1,,,,,,,,,,,,,,,,,,,,,,,,,,,,,,,,,,,,,,,,,,,,,,,,,,,,,,,,,,,,,,,,,,,,,,,,,,,,,,,,,,,,,,,,,,,,,,,,,,,,,,,,,,,,,,,,,,,,,,,,,,,,,,,,,,,,,,,,,,,,,,,,,,,,,,,,,,
79,AV107-10,N23-DEC,00:19:0B:85:4A:95,N2322A10009351,20,Static IP,10.40.242.160,255.255.255.0,10.40.242.1,Live Play,6/5/2018,6/5/2018,28,0,,,,9600,,0,1,,,,,,,,,,,,,,,,,,,,,,,,,,,,,,,,,,,,,,,,,,,,,,,,,,,,,,,,,,,,,,,,,,,,,,,,,,,,,,,,,,,,,,,,,,,,,,,,,,,,,,,,,,,,,,,,,,,,,,,,,,,,,,,,,,,,,,,,,,,,,,,,,,,,,,,,,,
80,AV107-11,N23-DEC,00:19:0B:85:4A:9E,N2322A10009360,26,Static IP,10.40.242.162,255.255.255.0,10.40.242.1,Live Play,6/5/2018,6/5/2018,28,0,,,,9600,,0,1,,,,,,,,,,,,,,,,,,,,,,,,,,,,,,,,,,,,,,,,,,,,,,,,,,,,,,,,,,,,,,,,,,,,,,,,,,,,,,,,,,,,,,,,,,,,,,,,,,,,,,,,,,,,,,,,,,,,,,,,,,,,,,,,,,,,,,,,,,,,,,,,,,,,,,,,,,
81,AV107-12,N23-DEC,00:19:0B:85:4A:9F,N2322A10009361,17,Static IP,10.40.242.196,255.255.255.0,10.40.242.1,Live Play,6/5/2018,6/5/2018,0,0,,,,9600,,0,0,,,,,,,,,,,,,,,,,,,,,,,,,,,,,,,,,,,,,,,,,,,,,,,,,,,,,,,,,,,,,,,,,,,,,,,,,,,,,,,,,,,,,,,,,,,,,,,,,,,,,,,,,,,,,,,,,,,,,,,,,,,,,,,,,,,,,,,,,,,,,,,,,,,,,,,,,,
82,AV107-13,N23-DEC,00:19:0B:85:4A:96,N2322A10009352,20,Static IP,10.40.242.197,255.255.255.0,10.40.242.1,Live Play,6/5/2018,6/5/2018,0,0,,,,9600,,0,0,,,,,,,,,,,,,,,,,,,,,,,,,,,,,,,,,,,,,,,,,,,,,,,,,,,,,,,,,,,,,,,,,,,,,,,,,,,,,,,,,,,,,,,,,,,,,,,,,,,,,,,,,,,,,,,,,,,,,,,,,,,,,,,,,,,,,,,,,,,,,,,,,,,,,,,,,,
83,AV107-14,N23-DEC,00:19:0B:85:4A:97,N2322A10009353,22,Static IP,10.40.242.198,255.255.255.0,10.40.242.1,Live Play,6/5/2018,6/5/2018,0,0,,,,9600,,0,0,,,,,,,,,,,,,,,,,,,,,,,,,,,,,,,,,,,,,,,,,,,,,,,,,,,,,,,,,,,,,,,,,,,,,,,,,,,,,,,,,,,,,,,,,,,,,,,,,,,,,,,,,,,,,,,,,,,,,,,,,,,,,,,,,,,,,,,,,,,,,,,,,,,,,,,,,,
84,AV107-15,N23-DEC,00:19:0B:85:4A:8F,N2322A10009345,22,Static IP,10.40.242.194,255.255.255.0,10.40.242.1,Live Play,6/5/2018,6/5/2018,0,0,,,,9600,,0,0,,,,,,,,,,,,,,,,,,,,,,,,,,,,,,,,,,,,,,,,,,,,,,,,,,,,,,,,,,,,,,,,,,,,,,,,,,,,,,,,,,,,,,,,,,,,,,,,,,,,,,,,,,,,,,,,,,,,,,,,,,,,,,,,,,,,,,,,,,,,,,,,,,,,,,,,,,
85,AV107-16,N23-DEC,00:19:0B:85:4A:90,N2322A10009346,11,Static IP,10.40.242.157,255.255.255.0,10.40.242.1,Live Play,6/5/2018,6/5/2018,28,0,,,,9600,,0,1,,,,,,,,,,,,,,,,,,,,,,,,,,,,,,,,,,,,,,,,,,,,,,,,,,,,,,,,,,,,,,,,,,,,,,,,,,,,,,,,,,,,,,,,,,,,,,,,,,,,,,,,,,,,,,,,,,,,,,,,,,,,,,,,,,,,,,,,,,,,,,,,,,,,,,,,,,
86,AV107-17,N23-DEC,00:19:0B:85:4A:91,N2322A10009347,12,Static IP,10.40.242.193,255.255.255.0,10.40.242.1,Live Play,6/5/2018,6/5/2018,0,0,,,,9600,,0,0,,,,,,,,,,,,,,,,,,,,,,,,,,,,,,,,,,,,,,,,,,,,,,,,,,,,,,,,,,,,,,,,,,,,,,,,,,,,,,,,,,,,,,,,,,,,,,,,,,,,,,,,,,,,,,,,,,,,,,,,,,,,,,,,,,,,,,,,,,,,,,,,,,,,,,,,,,
87,AV107-18,N23-DEC,00:19:0B:85:4A:9A,N2322A10009356,15,Static IP,10.40.242.192,255.255.255.0,10.40.242.1,Live Play,6/5/2018,6/5/2018,0,0,,,,9600,,0,0,,,,,,,,,,,,,,,,,,,,,,,,,,,,,,,,,,,,,,,,,,,,,,,,,,,,,,,,,,,,,,,,,,,,,,,,,,,,,,,,,,,,,,,,,,,,,,,,,,,,,,,,,,,,,,,,,,,,,,,,,,,,,,,,,,,,,,,,,,,,,,,,,,,,,,,,,,
88,AV107-19,N23-DEC,00:19:0B:85:4A:9B,N2322A10009357,26,Static IP,10.40.242.191,255.255.255.0,10.40.242.1,Live Play,6/5/2018,6/5/2018,0,0,,,,9600,,0,0,,,,,,,,,,,,,,,,,,,,,,,,,,,,,,,,,,,,,,,,,,,,,,,,,,,,,,,,,,,,,,,,,,,,,,,,,,,,,,,,,,,,,,,,,,,,,,,,,,,,,,,,,,,,,,,,,,,,,,,,,,,,,,,,,,,,,,,,,,,,,,,,,,,,,,,,,,
89,AV107-20,N23-DEC,00:19:0B:85:4A:9C,N2322A10009358,12,Static IP,10.40.242.190,255.255.255.0,10.40.242.1,Live Play,6/5/2018,6/5/2018,0,0,,,,9600,,0,0,,,,,,,,,,,,,,,,,,,,,,,,,,,,,,,,,,,,,,,,,,,,,,,,,,,,,,,,,,,,,,,,,,,,,,,,,,,,,,,,,,,,,,,,,,,,,,,,,,,,,,,,,,,,,,,,,,,,,,,,,,,,,,,,,,,,,,,,,,,,,,,,,,,,,,,,,,
90,AV107-21,N23-DEC,00:19:0B:85:4A:9D,N2322A10009359,20,Static IP,10.40.242.189,255.255.255.0,10.40.242.1,Live Play,6/5/2018,6/5/2018,0,0,,,,9600,,0,0,,,,,,,,,,,,,,,,,,,,,,,,,,,,,,,,,,,,,,,,,,,,,,,,,,,,,,,,,,,,,,,,,,,,,,,,,,,,,,,,,,,,,,,,,,,,,,,,,,,,,,,,,,,,,,,,,,,,,,,,,,,,,,,,,,,,,,,,,,,,,,,,,,,,,,,,,,
91,AV107-22,N23-DEC,00:19:0B:85:4A:99,N2322A10009355,17,Static IP,10.40.242.186,255.255.255.0,10.40.242.1,Live Play,6/5/2018,6/5/2018,28,0,,,,9600,,0,1,,,,,,,,,,,,,,,,,,,,,,,,,,,,,,,,,,,,,,,,,,,,,,,,,,,,,,,,,,,,,,,,,,,,,,,,,,,,,,,,,,,,,,,,,,,,,,,,,,,,,,,,,,,,,,,,,,,,,,,,,,,,,,,,,,,,,,,,,,,,,,,,,,,,,,,,,,
92,AV107-23,N23-DEC,00:19:0B:85:4A:F4,N2322A10009446,14,Static IP,10.40.242.185,255.255.255.0,10.40.242.1,Live Play,6/5/2018,6/5/2018,28,0,,,,9600,,0,1,,,,,,,,,,,,,,,,,,,,,,,,,,,,,,,,,,,,,,,,,,,,,,,,,,,,,,,,,,,,,,,,,,,,,,,,,,,,,,,,,,,,,,,,,,,,,,,,,,,,,,,,,,,,,,,,,,,,,,,,,,,,,,,,,,,,,,,,,,,,,,,,,,,,,,,,,,
93,AV107-24,N23-DEC,00:19:0B:85:4A:F9,N2322A10009451,11,Static IP,10.40.242.184,255.255.255.0,10.40.242.1,Live Play,6/5/2018,6/5/2018,28,0,,,,9600,,0,1,,,,,,,,,,,,,,,,,,,,,,,,,,,,,,,,,,,,,,,,,,,,,,,,,,,,,,,,,,,,,,,,,,,,,,,,,,,,,,,,,,,,,,,,,,,,,,,,,,,,,,,,,,,,,,,,,,,,,,,,,,,,,,,,,,,,,,,,,,,,,,,,,,,,,,,,,,
94,AV107-25,N23-DEC,00:19:0B:85:4A:FA,N2322A10009452,12,Static IP,10.40.242.183,255.255.255.0,10.40.242.1,Live Play,6/5/2018,6/5/2018,28,0,,,,9600,,0,1,,,,,,,,,,,,,,,,,,,,,,,,,,,,,,,,,,,,,,,,,,,,,,,,,,,,,,,,,,,,,,,,,,,,,,,,,,,,,,,,,,,,,,,,,,,,,,,,,,,,,,,,,,,,,,,,,,,,,,,,,,,,,,,,,,,,,,,,,,,,,,,,,,,,,,,,,,
95,AV107-26,N23-DEC,00:19:0B:85:4A:F5,N2322A10009447,19,Static IP,10.40.242.182,255.255.255.0,10.40.242.1,Live Play,6/5/2018,6/5/2018,28,0,,,,9600,,0,1,,,,,,,,,,,,,,,,,,,,,,,,,,,,,,,,,,,,,,,,,,,,,,,,,,,,,,,,,,,,,,,,,,,,,,,,,,,,,,,,,,,,,,,,,,,,,,,,,,,,,,,,,,,,,,,,,,,,,,,,,,,,,,,,,,,,,,,,,,,,,,,,,,,,,,,,,,
96,AV107-27,N23-DEC,00:19:0B:85:38:89,N2322A10006961,12,Static IP,10.40.242.212,255.255.255.0,10.40.242.1,Live Play,6/5/2018,6/5/2018,0,0,,,,9600,,0,1,,,,,,,,,,,,,,,,,,,,,,,,,,,,,,,,,,,,,,,,,,,,,,,,,,,,,,,,,,,,,,,,,,,,,,,,,,,,,,,,,,,,,,,,,,,,,,,,,,,,,,,,,,,,,,,,,,,,,,,,,,,,,,,,,,,,,,,,,,,,,,,,,,,,,,,,,,
97,AV300-01,N23-DEC,00:19:0B:85:38:3E,N2322A10006886,2,Static IP,10.40.242.21,255.255.255.0,10.40.242.1,Live Play,6/5/2018,6/5/2018,0,0,,,,9600,,0,0,,,,,,,,,,,,,,,,,,,,,,,,,,,,,,,,,,,,,,,,,,,,,,,,,,,,,,,,,,,,,,,,,,,,,,,,,,,,,,,,,,,,,,,,,,,,,,,,,,,,,,,,,,,,,,,,,,,,,,,,,,,,,,,,,,,,,,,,,,,,,,,,,,,,,,,,,,
98,AV300-02,N23-DEC,00:19:0B:85:38:DE,N2322A10007046,26,Static IP,10.40.242.22,255.255.255.0,10.40.242.1,Live Play,6/5/2018,6/5/2018,0,0,,,,9600,,0,0,,,,,,,,,,,,,,,,,,,,,,,,,,,,,,,,,,,,,,,,,,,,,,,,,,,,,,,,,,,,,,,,,,,,,,,,,,,,,,,,,,,,,,,,,,,,,,,,,,,,,,,,,,,,,,,,,,,,,,,,,,,,,,,,,,,,,,,,,,,,,,,,,,,,,,,,,,
99,AV300-03,N23-DEC,00:19:0B:85:38:EE,N2322A10007062,12,Static IP,10.40.242.23,255.255.255.0,10.40.242.1,Live Play,6/5/2018,6/5/2018,0,0,,,,9600,,0,0,,,,,,,,,,,,,,,,,,,,,,,,,,,,,,,,,,,,,,,,,,,,,,,,,,,,,,,,,,,,,,,,,,,,,,,,,,,,,,,,,,,,,,,,,,,,,,,,,,,,,,,,,,,,,,,,,,,,,,,,,,,,,,,,,,,,,,,,,,,,,,,,,,,,,,,,,,
100,AV300-04,N23-DEC,00:19:0B:85:38:48,N2322A10006896,10,Static IP,10.40.242.24,255.255.255.0,10.40.242.1,Live Play,6/5/2018,6/5/2018,0,0,,,,9600,,0,0,,,,,,,,,,,,,,,,,,,,,,,,,,,,,,,,,,,,,,,,,,,,,,,,,,,,,,,,,,,,,,,,,,,,,,,,,,,,,,,,,,,,,,,,,,,,,,,,,,,,,,,,,,,,,,,,,,,,,,,,,,,,,,,,,,,,,,,,,,,,,,,,,,,,,,,,,,
101,AV300-05,N23-DEC,00:19:0B:85:38:47,N2322A10006895,10,Static IP,10.40.242.25,255.255.255.0,10.40.242.1,Live Play,6/5/2018,6/5/2018,0,0,,,,9600,,0,0,,,,,,,,,,,,,,,,,,,,,,,,,,,,,,,,,,,,,,,,,,,,,,,,,,,,,,,,,,,,,,,,,,,,,,,,,,,,,,,,,,,,,,,,,,,,,,,,,,,,,,,,,,,,,,,,,,,,,,,,,,,,,,,,,,,,,,,,,,,,,,,,,,,,,,,,,,
102,AV300-06,N23-DEC,00:19:0B:85:38:4C,N2322A10006900,10,Static IP,10.40.242.26,255.255.255.0,10.40.242.1,Live Play,6/5/2018,6/5/2018,0,0,,,,9600,,0,0,,,,,,,,,,,,,,,,,,,,,,,,,,,,,,,,,,,,,,,,,,,,,,,,,,,,,,,,,,,,,,,,,,,,,,,,,,,,,,,,,,,,,,,,,,,,,,,,,,,,,,,,,,,,,,,,,,,,,,,,,,,,,,,,,,,,,,,,,,,,,,,,,,,,,,,,,,
103,AV300-07,N23-DEC,00:19:0B:85:49:CC,N2322A10009150,11,Static IP,10.40.242.27,255.255.255.0,10.40.242.1,Live Play,6/5/2018,6/5/2018,0,0,,,,9600,,0,1,,,,,,,,,,,,,,,,,,,,,,,,,,,,,,,,,,,,,,,,,,,,,,,,,,,,,,,,,,,,,,,,,,,,,,,,,,,,,,,,,,,,,,,,,,,,,,,,,,,,,,,,,,,,,,,,,,,,,,,,,,,,,,,,,,,,,,,,,,,,,,,,,,,,,,,,,,
104,AV300-08,N23-DEC,00:19:0B:85:38:3D,N2322A10006885,10,Static IP,10.40.242.28,255.255.255.0,10.40.242.1,Live Play,6/5/2018,6/5/2018,0,0,,,,9600,,0,0,,,,,,,,,,,,,,,,,,,,,,,,,,,,,,,,,,,,,,,,,,,,,,,,,,,,,,,,,,,,,,,,,,,,,,,,,,,,,,,,,,,,,,,,,,,,,,,,,,,,,,,,,,,,,,,,,,,,,,,,,,,,,,,,,,,,,,,,,,,,,,,,,,,,,,,,,,
105,AV300-09,N23-DEC,00:19:0B:85:38:4E,N2322A10006902,10,Static IP,10.40.242.29,255.255.255.0,10.40.242.1,Live Play,6/5/2018,6/5/2018,0,0,,,,9600,,0,0,,,,,,,,,,,,,,,,,,,,,,,,,,,,,,,,,,,,,,,,,,,,,,,,,,,,,,,,,,,,,,,,,,,,,,,,,,,,,,,,,,,,,,,,,,,,,,,,,,,,,,,,,,,,,,,,,,,,,,,,,,,,,,,,,,,,,,,,,,,,,,,,,,,,,,,,,,
106,AV300-10,N23-DEC,00:19:0B:85:38:4F,N2322A10006903,10,Static IP,10.40.242.30,255.255.255.0,10.40.242.1,Live Play,6/5/2018,6/5/2018,0,0,,,,9600,,0,0,,,,,,,,,,,,,,,,,,,,,,,,,,,,,,,,,,,,,,,,,,,,,,,,,,,,,,,,,,,,,,,,,,,,,,,,,,,,,,,,,,,,,,,,,,,,,,,,,,,,,,,,,,,,,,,,,,,,,,,,,,,,,,,,,,,,,,,,,,,,,,,,,,,,,,,,,,
107,AV300-11,N23-DEC,00:19:0B:85:38:4D,N2322A10006901,26,Static IP,10.40.242.31,255.255.255.0,10.40.242.1,Live Play,6/5/2018,6/5/2018,0,0,,,,9600,,0,0,,,,,,,,,,,,,,,,,,,,,,,,,,,,,,,,,,,,,,,,,,,,,,,,,,,,,,,,,,,,,,,,,,,,,,,,,,,,,,,,,,,,,,,,,,,,,,,,,,,,,,,,,,,,,,,,,,,,,,,,,,,,,,,,,,,,,,,,,,,,,,,,,,,,,,,,,,
108,AV300-12,N23-DEC,00:19:0B:85:38:46,N2322A10006894,20,Static IP,10.40.242.32,255.255.255.0,10.40.242.1,Live Play,6/5/2018,6/5/2018,0,0,,,,9600,,0,0,,,,,,,,,,,,,,,,,,,,,,,,,,,,,,,,,,,,,,,,,,,,,,,,,,,,,,,,,,,,,,,,,,,,,,,,,,,,,,,,,,,,,,,,,,,,,,,,,,,,,,,,,,,,,,,,,,,,,,,,,,,,,,,,,,,,,,,,,,,,,,,,,,,,,,,,,,
109,AV300-13,N23-DEC,00:19:0B:85:38:49,N2322A10006897,11,Static IP,10.40.242.33,255.255.255.0,10.40.242.1,Live Play,6/5/2018,6/5/2018,0,0,,,,9600,,0,0,,,,,,,,,,,,,,,,,,,,,,,,,,,,,,,,,,,,,,,,,,,,,,,,,,,,,,,,,,,,,,,,,,,,,,,,,,,,,,,,,,,,,,,,,,,,,,,,,,,,,,,,,,,,,,,,,,,,,,,,,,,,,,,,,,,,,,,,,,,,,,,,,,,,,,,,,,
110,AV300-14,N23-DEC,00:19:0B:85:3A:BD,N2322A10007525,26,Static IP,10.40.242.34,255.255.255.0,10.40.242.1,Live Play,6/5/2018,6/5/2018,0,0,,,,9600,,0,0,,,,,,,,,,,,,,,,,,,,,,,,,,,,,,,,,,,,,,,,,,,,,,,,,,,,,,,,,,,,,,,,,,,,,,,,,,,,,,,,,,,,,,,,,,,,,,,,,,,,,,,,,,,,,,,,,,,,,,,,,,,,,,,,,,,,,,,,,,,,,,,,,,,,,,,,,,
111,AV300-15,N23-DEC,00:19:0B:85:3A:BE,N2322A10007526,22,Static IP,10.40.242.35,255.255.255.0,10.40.242.1,Live Play,6/5/2018,6/5/2018,0,0,,,,9600,,0,0,,,,,,,,,,,,,,,,,,,,,,,,,,,,,,,,,,,,,,,,,,,,,,,,,,,,,,,,,,,,,,,,,,,,,,,,,,,,,,,,,,,,,,,,,,,,,,,,,,,,,,,,,,,,,,,,,,,,,,,,,,,,,,,,,,,,,,,,,,,,,,,,,,,,,,,,,,
112,AV300-16,N23-DEC,00:19:0B:85:3A:BC,N2322A10007524,21,Static IP,10.40.242.36,255.255.255.0,10.40.242.1,Live Play,6/5/2018,6/5/2018,0,0,,,,9600,,0,0,,,,,,,,,,,,,,,,,,,,,,,,,,,,,,,,,,,,,,,,,,,,,,,,,,,,,,,,,,,,,,,,,,,,,,,,,,,,,,,,,,,,,,,,,,,,,,,,,,,,,,,,,,,,,,,,,,,,,,,,,,,,,,,,,,,,,,,,,,,,,,,,,,,,,,,,,,
113,AV300-17,N23-DEC,00:19:0B:85:3A:C5,N2322A10007533,26,Static IP,10.40.242.37,255.255.255.0,10.40.242.1,Live Play,6/5/2018,6/5/2018,0,0,,,,9600,,0,0,,,,,,,,,,,,,,,,,,,,,,,,,,,,,,,,,,,,,,,,,,,,,,,,,,,,,,,,,,,,,,,,,,,,,,,,,,,,,,,,,,,,,,,,,,,,,,,,,,,,,,,,,,,,,,,,,,,,,,,,,,,,,,,,,,,,,,,,,,,,,,,,,,,,,,,,,,
114,AV300-18,N23-DEC,00:19:0B:85:38:4A,N2322A10006898,9,Static IP,10.40.242.38,255.255.255.0,10.40.242.1,Live Play,6/5/2018,6/5/2018,0,0,,,,9600,,0,0,,,,,,,,,,,,,,,,,,,,,,,,,,,,,,,,,,,,,,,,,,,,,,,,,,,,,,,,,,,,,,,,,,,,,,,,,,,,,,,,,,,,,,,,,,,,,,,,,,,,,,,,,,,,,,,,,,,,,,,,,,,,,,,,,,,,,,,,,,,,,,,,,,,,,,,,,,
115,AV300-19,N23-DEC,00:19:0B:85:3A:CE,N2322A10007542,18,Static IP,10.40.242.39,255.255.255.0,10.40.242.1,Live Play,6/5/2018,6/5/2018,0,0,,,,9600,,0,0,,,,,,,,,,,,,,,,,,,,,,,,,,,,,,,,,,,,,,,,,,,,,,,,,,,,,,,,,,,,,,,,,,,,,,,,,,,,,,,,,,,,,,,,,,,,,,,,,,,,,,,,,,,,,,,,,,,,,,,,,,,,,,,,,,,,,,,,,,,,,,,,,,,,,,,,,,
116,AV300-20,N23-DEC,00:19:0B:85:3A:CC,N2322A10007540,26,Static IP,10.40.242.40,255.255.255.0,10.40.242.1,Live Play,6/5/2018,6/5/2018,0,0,,,,9600,,0,0,,,,,,,,,,,,,,,,,,,,,,,,,,,,,,,,,,,,,,,,,,,,,,,,,,,,,,,,,,,,,,,,,,,,,,,,,,,,,,,,,,,,,,,,,,,,,,,,,,,,,,,,,,,,,,,,,,,,,,,,,,,,,,,,,,,,,,,,,,,,,,,,,,,,,,,,,,
117,AV300-21,N23-DEC,00:19:0B:85:3A:C6,N2322A10007534,16,Static IP,10.40.242.41,255.255.255.0,10.40.242.1,Live Play,6/5/2018,6/5/2018,0,0,,,,9600,,0,0,,,,,,,,,,,,,,,,,,,,,,,,,,,,,,,,,,,,,,,,,,,,,,,,,,,,,,,,,,,,,,,,,,,,,,,,,,,,,,,,,,,,,,,,,,,,,,,,,,,,,,,,,,,,,,,,,,,,,,,,,,,,,,,,,,,,,,,,,,,,,,,,,,,,,,,,,,
118,AV300-22,N23-DEC,00:19:0B:85:3A:BF,N2322A10007527,15,Static IP,10.40.242.42,255.255.255.0,10.40.242.1,Live Play,6/5/2018,6/5/2018,0,0,,,,9600,,0,0,,,,,,,,,,,,,,,,,,,,,,,,,,,,,,,,,,,,,,,,,,,,,,,,,,,,,,,,,,,,,,,,,,,,,,,,,,,,,,,,,,,,,,,,,,,,,,,,,,,,,,,,,,,,,,,,,,,,,,,,,,,,,,,,,,,,,,,,,,,,,,,,,,,,,,,,,,
119,AV300-23,N23-DEC,00:19:0B:85:3A:C4,N2322A10007532,26,Static IP,10.40.242.43,255.255.255.0,10.40.242.1,Live Play,6/5/2018,6/5/2018,0,0,,,,9600,,0,0,,,,,,,,,,,,,,,,,,,,,,,,,,,,,,,,,,,,,,,,,,,,,,,,,,,,,,,,,,,,,,,,,,,,,,,,,,,,,,,,,,,,,,,,,,,,,,,,,,,,,,,,,,,,,,,,,,,,,,,,,,,,,,,,,,,,,,,,,,,,,,,,,,,,,,,,,,
120,AV300-24,N23-DEC,00:19:0B:85:38:3C,N2322A10006884,13,Static IP,10.40.242.44,255.255.255.0,10.40.242.1,Live Play,6/5/2018,6/5/2018,0,0,,,,9600,,0,0,,,,,,,,,,,,,,,,,,,,,,,,,,,,,,,,,,,,,,,,,,,,,,,,,,,,,,,,,,,,,,,,,,,,,,,,,,,,,,,,,,,,,,,,,,,,,,,,,,,,,,,,,,,,,,,,,,,,,,,,,,,,,,,,,,,,,,,,,,,,,,,,,,,,,,,,,,
121,AV300-25,N23-DEC,00:19:0B:85:38:3F,N2322A10006887,12,Static IP,10.40.242.45,255.255.255.0,10.40.242.1,Live Play,6/5/2018,6/5/2018,0,0,,,,9600,,0,0,,,,,,,,,,,,,,,,,,,,,,,,,,,,,,,,,,,,,,,,,,,,,,,,,,,,,,,,,,,,,,,,,,,,,,,,,,,,,,,,,,,,,,,,,,,,,,,,,,,,,,,,,,,,,,,,,,,,,,,,,,,,,,,,,,,,,,,,,,,,,,,,,,,,,,,,,,
122,AV300-26,N23-DEC,00:19:0B:85:3A:CB,N2322A10007539,11,Static IP,10.40.242.46,255.255.255.0,10.40.242.1,Live Play,6/5/2018,6/5/2018,0,0,,,,9600,,0,0,,,,,,,,,,,,,,,,,,,,,,,,,,,,,,,,,,,,,,,,,,,,,,,,,,,,,,,,,,,,,,,,,,,,,,,,,,,,,,,,,,,,,,,,,,,,,,,,,,,,,,,,,,,,,,,,,,,,,,,,,,,,,,,,,,,,,,,,,,,,,,,,,,,,,,,,,,
123,AV300-27,N23-DEC,00:19:0B:85:3A:CF,N2322A10007543,1,Static IP,10.40.242.47,255.255.255.0,10.40.242.1,Live Play,6/5/2018,6/5/2018,0,0,,,,9600,,0,0,,,,,,,,,,,,,,,,,,,,,,,,,,,,,,,,,,,,,,,,,,,,,,,,,,,,,,,,,,,,,,,,,,,,,,,,,,,,,,,,,,,,,,,,,,,,,,,,,,,,,,,,,,,,,,,,,,,,,,,,,,,,,,,,,,,,,,,,,,,,,,,,,,,,,,,,,,
124,AV300-28,N23-DEC,00:19:0B:85:3A:C2,N2322A10007530,10,Static IP,10.40.242.48,255.255.255.0,10.40.242.1,Live Play,6/5/2018,6/5/2018,0,0,,,,9600,,0,0,,,,,,,,,,,,,,,,,,,,,,,,,,,,,,,,,,,,,,,,,,,,,,,,,,,,,,,,,,,,,,,,,,,,,,,,,,,,,,,,,,,,,,,,,,,,,,,,,,,,,,,,,,,,,,,,,,,,,,,,,,,,,,,,,,,,,,,,,,,,,,,,,,,,,,,,,,
125,AV300-29,N23-DEC,00:19:0B:85:3A:C7,N2322A10007535,3,Static IP,10.40.242.49,255.255.255.0,10.40.242.1,Live Play,6/5/2018,6/5/2018,0,0,,,,9600,,0,0,,,,,,,,,,,,,,,,,,,,,,,,,,,,,,,,,,,,,,,,,,,,,,,,,,,,,,,,,,,,,,,,,,,,,,,,,,,,,,,,,,,,,,,,,,,,,,,,,,,,,,,,,,,,,,,,,,,,,,,,,,,,,,,,,,,,,,,,,,,,,,,,,,,,,,,,,,
126,AV300-30,N23-DEC,00:19:0B:85:3A:CD,N2322A10007541,4,Static IP,10.40.242.215,255.255.255.0,10.40.242.1,Live Play,6/5/2018,6/5/2018,0,0,,,,9600,,0,0,,,,,,,,,,,,,,,,,,,,,,,,,,,,,,,,,,,,,,,,,,,,,,,,,,,,,,,,,,,,,,,,,,,,,,,,,,,,,,,,,,,,,,,,,,,,,,,,,,,,,,,,,,,,,,,,,,,,,,,,,,,,,,,,,,,,,,,,,,,,,,,,,,,,,,,,,,
127,AV300-31,N23-DEC,00:19:0B:85:3A:C8,N2322A10007536,5,Static IP,10.40.242.216,255.255.255.0,10.40.242.1,Live Play,6/5/2018,6/5/2018,0,0,,,,9600,,0,0,,,,,,,,,,,,,,,,,,,,,,,,,,,,,,,,,,,,,,,,,,,,,,,,,,,,,,,,,,,,,,,,,,,,,,,,,,,,,,,,,,,,,,,,,,,,,,,,,,,,,,,,,,,,,,,,,,,,,,,,,,,,,,,,,,,,,,,,,,,,,,,,,,,,,,,,,,
128,AV300-32,N23-DEC,00:19:0B:85:3A:CA,N2322A10007538,6,Static IP,10.40.242.217,255.255.255.0,10.40.242.1,Live Play,6/5/2018,6/5/2018,0,0,,,,9600,,0,0,,,,,,,,,,,,,,,,,,,,,,,,,,,,,,,,,,,,,,,,,,,,,,,,,,,,,,,,,,,,,,,,,,,,,,,,,,,,,,,,,,,,,,,,,,,,,,,,,,,,,,,,,,,,,,,,,,,,,,,,,,,,,,,,,,,,,,,,,,,,,,,,,,,,,,,,,,
129,AV300-33,N23-DEC,00:19:0B:85:3A:C9,N2322A10007537,7,Static IP,10.40.242.218,255.255.255.0,10.40.242.1,Live Play,6/5/2018,6/5/2018,0,0,,,,9600,,0,0,,,,,,,,,,,,,,,,,,,,,,,,,,,,,,,,,,,,,,,,,,,,,,,,,,,,,,,,,,,,,,,,,,,,,,,,,,,,,,,,,,,,,,,,,,,,,,,,,,,,,,,,,,,,,,,,,,,,,,,,,,,,,,,,,,,,,,,,,,,,,,,,,,,,,,,,,,
130,AV300-34,N23-DEC,00:19:0B:85:3A:C3,N2322A10007531,8,Static IP,10.40.242.219,255.255.255.0,10.40.242.1,Live Play,6/5/2018,6/5/2018,0,0,,,,9600,,0,0,,,,,,,,,,,,,,,,,,,,,,,,,,,,,,,,,,,,,,,,,,,,,,,,,,,,,,,,,,,,,,,,,,,,,,,,,,,,,,,,,,,,,,,,,,,,,,,,,,,,,,,,,,,,,,,,,,,,,,,,,,,,,,,,,,,,,,,,,,,,,,,,,,,,,,,,,,
131,AV300-35,N23-DEC,00:19:0B:85:3A:C1,N2322A10007529,9,Static IP,10.40.242.220,255.255.255.0,10.40.242.1,Live Play,6/5/2018,6/5/2018,0,0,,,,9600,,0,0,,,,,,,,,,,,,,,,,,,,,,,,,,,,,,,,,,,,,,,,,,,,,,,,,,,,,,,,,,,,,,,,,,,,,,,,,,,,,,,,,,,,,,,,,,,,,,,,,,,,,,,,,,,,,,,,,,,,,,,,,,,,,,,,,,,,,,,,,,,,,,,,,,,,,,,,,,
132,AV300-36,N23-DEC,00:19:0B:85:3A:C0,N2322A10007528,10,Static IP,10.40.242.221,255.255.255.0,10.40.242.1,Live Play,6/5/2018,6/5/2018,0,0,,,,9600,,0,0,,,,,,,,,,,,,,,,,,,,,,,,,,,,,,,,,,,,,,,,,,,,,,,,,,,,,,,,,,,,,,,,,,,,,,,,,,,,,,,,,,,,,,,,,,,,,,,,,,,,,,,,,,,,,,,,,,,,,,,,,,,,,,,,,,,,,,,,,,,,,,,,,,,,,,,,,,
133,AV400-01,N23-DEC,00:19:0B:85:3C:23,N2322A10007883,18,Static IP,10.40.242.222,255.255.255.0,10.40.242.1,Live Play,6/5/2018,6/5/2018,0,0,,,,9600,,0,1,,,,,,,,,,,,,,,,,,,,,,,,,,,,,,,,,,,,,,,,,,,,,,,,,,,,,,,,,,,,,,,,,,,,,,,,,,,,,,,,,,,,,,,,,,,,,,,,,,,,,,,,,,,,,,,,,,,,,,,,,,,,,,,,,,,,,,,,,,,,,,,,,,,,,,,,,,
134,AV400-02,N23-DEC,00:19:0B:85:3C:19,N2322A10007873,17,Static IP,10.40.242.223,255.255.255.0,10.40.242.1,Live Play,6/5/2018,6/5/2018,0,0,,,,9600,,0,1,,,,,,,,,,,,,,,,,,,,,,,,,,,,,,,,,,,,,,,,,,,,,,,,,,,,,,,,,,,,,,,,,,,,,,,,,,,,,,,,,,,,,,,,,,,,,,,,,,,,,,,,,,,,,,,,,,,,,,,,,,,,,,,,,,,,,,,,,,,,,,,,,,,,,,,,,,
135,AV400-03,N23-DEC,00:19:0B:85:3C:22,N2322A10007882,12,Static IP,10.40.242.224,255.255.255.0,10.40.242.1,Live Play,6/5/2018,6/5/2018,0,0,,,,9600,,0,1,,,,,,,,,,,,,,,,,,,,,,,,,,,,,,,,,,,,,,,,,,,,,,,,,,,,,,,,,,,,,,,,,,,,,,,,,,,,,,,,,,,,,,,,,,,,,,,,,,,,,,,,,,,,,,,,,,,,,,,,,,,,,,,,,,,,,,,,,,,,,,,,,,,,,,,,,,
136,AV400-04,N23-DEC,00:19:0B:85:3C:16,N2322A10007870,22,Static IP,10.40.242.225,255.255.255.0,10.40.242.1,Live Play,6/5/2018,6/5/2018,0,0,,,,9600,,0,1,,,,,,,,,,,,,,,,,,,,,,,,,,,,,,,,,,,,,,,,,,,,,,,,,,,,,,,,,,,,,,,,,,,,,,,,,,,,,,,,,,,,,,,,,,,,,,,,,,,,,,,,,,,,,,,,,,,,,,,,,,,,,,,,,,,,,,,,,,,,,,,,,,,,,,,,,,
137,AV400-05,N23-DEC,00:19:0B:85:3C:15,N2322A10007869,19,Static IP,10.40.242.226,255.255.255.0,10.40.242.1,Live Play,6/5/2018,6/5/2018,0,0,,,,9600,,0,1,,,,,,,,,,,,,,,,,,,,,,,,,,,,,,,,,,,,,,,,,,,,,,,,,,,,,,,,,,,,,,,,,,,,,,,,,,,,,,,,,,,,,,,,,,,,,,,,,,,,,,,,,,,,,,,,,,,,,,,,,,,,,,,,,,,,,,,,,,,,,,,,,,,,,,,,,,
138,AV400-06,N23-DEC,00:19:0B:85:3C:12,N2322A10007866,18,Static IP,10.40.242.227,255.255.255.0,10.40.242.1,Live Play,6/5/2018,6/5/2018,0,0,,,,9600,,0,1,,,,,,,,,,,,,,,,,,,,,,,,,,,,,,,,,,,,,,,,,,,,,,,,,,,,,,,,,,,,,,,,,,,,,,,,,,,,,,,,,,,,,,,,,,,,,,,,,,,,,,,,,,,,,,,,,,,,,,,,,,,,,,,,,,,,,,,,,,,,,,,,,,,,,,,,,,
139,AV400-07,N23-DEC,00:19:0B:85:3C:18,N2322A10007872,11,Static IP,10.40.242.228,255.255.255.0,10.40.242.1,Live Play,6/5/2018,6/5/2018,0,0,,,,9600,,0,1,,,,,,,,,,,,,,,,,,,,,,,,,,,,,,,,,,,,,,,,,,,,,,,,,,,,,,,,,,,,,,,,,,,,,,,,,,,,,,,,,,,,,,,,,,,,,,,,,,,,,,,,,,,,,,,,,,,,,,,,,,,,,,,,,,,,,,,,,,,,,,,,,,,,,,,,,,
140,AV400-08,N23-DEC,00:19:0B:85:3C:14,N2322A10007868,17,Static IP,10.40.242.229,255.255.255.0,10.40.242.1,Live Play,6/5/2018,6/5/2018,0,0,,,,9600,,0,1,,,,,,,,,,,,,,,,,,,,,,,,,,,,,,,,,,,,,,,,,,,,,,,,,,,,,,,,,,,,,,,,,,,,,,,,,,,,,,,,,,,,,,,,,,,,,,,,,,,,,,,,,,,,,,,,,,,,,,,,,,,,,,,,,,,,,,,,,,,,,,,,,,,,,,,,,,
141,AV400-09,N23-DEC,00:19:0B:85:3C:10,N2322A10007864,22,Static IP,10.40.242.230,255.255.255.0,10.40.242.1,Live Play,6/5/2018,6/5/2018,0,0,,,,9600,,0,1,,,,,,,,,,,,,,,,,,,,,,,,,,,,,,,,,,,,,,,,,,,,,,,,,,,,,,,,,,,,,,,,,,,,,,,,,,,,,,,,,,,,,,,,,,,,,,,,,,,,,,,,,,,,,,,,,,,,,,,,,,,,,,,,,,,,,,,,,,,,,,,,,,,,,,,,,,
142,AV400-10,N23-DEC,00:19:0B:85:3C:13,N2322A10007867,12,Static IP,10.40.242.231,255.255.255.0,10.40.242.1,Live Play,6/5/2018,6/5/2018,0,0,,,,9600,,0,1,,,,,,,,,,,,,,,,,,,,,,,,,,,,,,,,,,,,,,,,,,,,,,,,,,,,,,,,,,,,,,,,,,,,,,,,,,,,,,,,,,,,,,,,,,,,,,,,,,,,,,,,,,,,,,,,,,,,,,,,,,,,,,,,,,,,,,,,,,,,,,,,,,,,,,,,,,
143,AV400-11,N23-DEC,00:19:0B:85:3C:20,N2322A10007880,14,Static IP,10.40.242.232,255.255.255.0,10.40.242.1,Live Play,6/5/2018,6/5/2018,0,0,,,,9600,,0,1,,,,,,,,,,,,,,,,,,,,,,,,,,,,,,,,,,,,,,,,,,,,,,,,,,,,,,,,,,,,,,,,,,,,,,,,,,,,,,,,,,,,,,,,,,,,,,,,,,,,,,,,,,,,,,,,,,,,,,,,,,,,,,,,,,,,,,,,,,,,,,,,,,,,,,,,,,
144,AV400-12,N23-DEC,00:19:0B:85:3C:17,N2322A10007871,14,Static IP,10.40.242.233,255.255.255.0,10.40.242.1,Live Play,6/5/2018,6/5/2018,0,0,,,,9600,,0,1,,,,,,,,,,,,,,,,,,,,,,,,,,,,,,,,,,,,,,,,,,,,,,,,,,,,,,,,,,,,,,,,,,,,,,,,,,,,,,,,,,,,,,,,,,,,,,,,,,,,,,,,,,,,,,,,,,,,,,,,,,,,,,,,,,,,,,,,,,,,,,,,,,,,,,,,,,
145,AV401-01,N23-DEC,00:19:0B:85:3C:21,N2322A10007881,22,Static IP,10.40.242.54,255.255.255.0,10.40.242.1,Live Play,6/5/2018,6/5/2018,0,0,,,,9600,,0,1,,,,,,,,,,,,,,,,,,,,,,,,,,,,,,,,,,,,,,,,,,,,,,,,,,,,,,,,,,,,,,,,,,,,,,,,,,,,,,,,,,,,,,,,,,,,,,,,,,,,,,,,,,,,,,,,,,,,,,,,,,,,,,,,,,,,,,,,,,,,,,,,,,,,,,,,,,
146,AV401-02,N23-DEC,00:19:0B:85:3C:1D,N2322A10007877,18,Static IP,10.40.242.55,255.255.255.0,10.40.242.1,Live Play,6/5/2018,6/5/2018,0,0,,,,9600,,0,1,,,,,,,,,,,,,,,,,,,,,,,,,,,,,,,,,,,,,,,,,,,,,,,,,,,,,,,,,,,,,,,,,,,,,,,,,,,,,,,,,,,,,,,,,,,,,,,,,,,,,,,,,,,,,,,,,,,,,,,,,,,,,,,,,,,,,,,,,,,,,,,,,,,,,,,,,,
147,AV401-03,N23-DEC,00:19:0B:85:3C:1F,N2322A10007879,12,Static IP,10.40.242.56,255.255.255.0,10.40.242.1,Live Play,6/5/2018,6/5/2018,0,0,,,,9600,,0,1,,,,,,,,,,,,,,,,,,,,,,,,,,,,,,,,,,,,,,,,,,,,,,,,,,,,,,,,,,,,,,,,,,,,,,,,,,,,,,,,,,,,,,,,,,,,,,,,,,,,,,,,,,,,,,,,,,,,,,,,,,,,,,,,,,,,,,,,,,,,,,,,,,,,,,,,,,
148,AV401-04,N23-DEC,00:19:0B:85:3C:1A,N2322A10007874,22,Static IP,10.40.242.57,255.255.255.0,10.40.242.1,Live Play,6/5/2018,6/5/2018,0,0,,,,9600,,0,1,,,,,,,,,,,,,,,,,,,,,,,,,,,,,,,,,,,,,,,,,,,,,,,,,,,,,,,,,,,,,,,,,,,,,,,,,,,,,,,,,,,,,,,,,,,,,,,,,,,,,,,,,,,,,,,,,,,,,,,,,,,,,,,,,,,,,,,,,,,,,,,,,,,,,,,,,,
149,AV401-05,N23-DEC,00:19:0B:85:3C:1B,N2322A10007875,13,Static IP,10.40.242.58,255.255.255.0,10.40.242.1,Live Play,6/5/2018,6/5/2018,0,0,,,,9600,,0,1,,,,,,,,,,,,,,,,,,,,,,,,,,,,,,,,,,,,,,,,,,,,,,,,,,,,,,,,,,,,,,,,,,,,,,,,,,,,,,,,,,,,,,,,,,,,,,,,,,,,,,,,,,,,,,,,,,,,,,,,,,,,,,,,,,,,,,,,,,,,,,,,,,,,,,,,,,
150,AV401-06,N23-DEC,00:19:0B:85:3C:11,N2322A10007865,11,Static IP,10.40.242.59,255.255.255.0,10.40.242.1,Live Play,6/5/2018,6/5/2018,0,0,,,,9600,,0,1,,,,,,,,,,,,,,,,,,,,,,,,,,,,,,,,,,,,,,,,,,,,,,,,,,,,,,,,,,,,,,,,,,,,,,,,,,,,,,,,,,,,,,,,,,,,,,,,,,,,,,,,,,,,,,,,,,,,,,,,,,,,,,,,,,,,,,,,,,,,,,,,,,,,,,,,,,
151,AV401-07,N23-DEC,00:19:0B:85:3C:1E,N2322A10007878,12,Static IP,10.40.242.60,255.255.255.0,10.40.242.1,Live Play,6/5/2018,6/5/2018,0,0,,,,9600,,0,1,,,,,,,,,,,,,,,,,,,,,,,,,,,,,,,,,,,,,,,,,,,,,,,,,,,,,,,,,,,,,,,,,,,,,,,,,,,,,,,,,,,,,,,,,,,,,,,,,,,,,,,,,,,,,,,,,,,,,,,,,,,,,,,,,,,,,,,,,,,,,,,,,,,,,,,,,,
152,AV401-08,N23-DEC,00:19:0B:85:3C:1C,N2322A10007876,22,Static IP,10.40.242.61,255.255.255.0,10.40.242.1,Live Play,6/5/2018,6/5/2018,0,0,,,,9600,,0,1,,,,,,,,,,,,,,,,,,,,,,,,,,,,,,,,,,,,,,,,,,,,,,,,,,,,,,,,,,,,,,,,,,,,,,,,,,,,,,,,,,,,,,,,,,,,,,,,,,,,,,,,,,,,,,,,,,,,,,,,,,,,,,,,,,,,,,,,,,,,,,,,,,,,,,,,,,
153,AV401-09,N23-DEC,00:19:0B:85:3B:FA,N2322A10007842,14,Static IP,10.40.242.62,255.255.255.0,10.40.242.1,Live Play,6/5/2018,6/5/2018,0,0,,,,9600,,0,1,,,,,,,,,,,,,,,,,,,,,,,,,,,,,,,,,,,,,,,,,,,,,,,,,,,,,,,,,,,,,,,,,,,,,,,,,,,,,,,,,,,,,,,,,,,,,,,,,,,,,,,,,,,,,,,,,,,,,,,,,,,,,,,,,,,,,,,,,,,,,,,,,,,,,,,,,,
154,AV401-10,N23-DEC,00:19:0B:85:38:88,N2322A10006960,19,Static IP,10.40.242.63,255.255.255.0,10.40.242.1,Live Play,6/5/2018,6/5/2018,0,0,,,,9600,,0,1,,,,,,,,,,,,,,,,,,,,,,,,,,,,,,,,,,,,,,,,,,,,,,,,,,,,,,,,,,,,,,,,,,,,,,,,,,,,,,,,,,,,,,,,,,,,,,,,,,,,,,,,,,,,,,,,,,,,,,,,,,,,,,,,,,,,,,,,,,,,,,,,,,,,,,,,,,
155,AV401-11,N23-DEC,00:19:0B:85:37:AA,N2322A10006738,20,Static IP,10.40.242.64,255.255.255.0,10.40.242.1,Live Play,6/5/2018,6/5/2018,0,0,,,,9600,,0,1,,,,,,,,,,,,,,,,,,,,,,,,,,,,,,,,,,,,,,,,,,,,,,,,,,,,,,,,,,,,,,,,,,,,,,,,,,,,,,,,,,,,,,,,,,,,,,,,,,,,,,,,,,,,,,,,,,,,,,,,,,,,,,,,,,,,,,,,,,,,,,,,,,,,,,,,,,
156,AV401-12,N23-DEC,00:19:0B:85:3C:08,N2322A10007856,11,Static IP,10.40.242.65,255.255.255.0,10.40.242.1,Live Play,6/5/2018,6/5/2018,0,0,,,,9600,,0,1,,,,,,,,,,,,,,,,,,,,,,,,,,,,,,,,,,,,,,,,,,,,,,,,,,,,,,,,,,,,,,,,,,,,,,,,,,,,,,,,,,,,,,,,,,,,,,,,,,,,,,,,,,,,,,,,,,,,,,,,,,,,,,,,,,,,,,,,,,,,,,,,,,,,,,,,,,
157,Audio 01,N23-DEC,00:19:0B:85:4A:0E,N2322A10009216,11,Static IP,10.40.242.69,255.255.255.0,10.40.242.1,Live Play,6/5/2018,6/5/2018,0,1,,,,9600,,0,1,,,,,,,,,,,,,,,,,,,,,,,,,,,,,,,,,,,,,,,,,,,,,,,,,,,,,,,,,,,,,,,,,,,,,,,,,,,,,,,,,,,,,,,,,,,,,,,,,,,,,,,,,,,,,,,,,,,,,,,,,,,,,,,,,,,,,,,,,,,,,,,,,,,,,,,,,,
158,Audio 02,N23-DEC,00:19:0B:85:4B:F2,N2322A10009700,12,Static IP,10.40.242.70,255.255.255.0,10.40.242.1,Live Play,6/5/2018,6/5/2018,0,1,,,,9600,,0,1,,,,,,,,,,,,,,,,,,,,,,,,,,,,,,,,,,,,,,,,,,,,,,,,,,,,,,,,,,,,,,,,,,,,,,,,,,,,,,,,,,,,,,,,,,,,,,,,,,,,,,,,,,,,,,,,,,,,,,,,,,,,,,,,,,,,,,,,,,,,,,,,,,,,,,,,,,
159,Audio 03,N23-DEC,00:19:0B:85:4A:1C,N2322A10009230,13,Static IP,10.40.242.67,255.255.255.0,10.40.242.1,Live Play,6/5/2018,6/5/2018,0,1,,,,9600,,0,1,,,,,,,,,,,,,,,,,,,,,,,,,,,,,,,,,,,,,,,,,,,,,,,,,,,,,,,,,,,,,,,,,,,,,,,,,,,,,,,,,,,,,,,,,,,,,,,,,,,,,,,,,,,,,,,,,,,,,,,,,,,,,,,,,,,,,,,,,,,,,,,,,,,,,,,,,,
160,Audio 04,N23-DEC,00:19:0B:85:4A:17,N2322A10009225,14,Static IP,10.40.242.68,255.255.255.0,10.40.242.1,Live Play,6/5/2018,6/5/2018,0,1,,,,9600,,0,1,,,,,,,,,,,,,,,,,,,,,,,,,,,,,,,,,,,,,,,,,,,,,,,,,,,,,,,,,,,,,,,,,,,,,,,,,,,,,,,,,,,,,,,,,,,,,,,,,,,,,,,,,,,,,,,,,,,,,,,,,,,,,,,,,,,,,,,,,,,,,,,,,,,,,,,,,,
161,Bank 201,N23-DEC,00:19:0B:85:4A:13,N2322A10009221,23,Static IP,10.40.242.254,255.255.255.0,10.40.242.1,Live Play,6/5/2018,6/5/2018,0,0,,,,9600,,0,1,,,,,,,,,,,,,,,,,,,,,,,,,,,,,,,,,,,,,,,,,,,,,,,,,,,,,,,,,,,,,,,,,,,,,,,,,,,,,,,,,,,,,,,,,,,,,,,,,,,,,,,,,,,,,,,,,,,,,,,,,,,,,,,,,,,,,,,,,,,,,,,,,,,,,,,,,,
162,Bank 207,N23-DEC,00:19:0B:85:4A:0F,N2322A10009217,24,Static IP,10.40.242.244,255.255.255.0,10.40.242.1,Live Play,6/5/2018,6/5/2018,0,0,,,,9600,,0,0,,,,,,,,,,,,,,,,,,,,,,,,,,,,,,,,,,,,,,,,,,,,,,,,,,,,,,,,,,,,,,,,,,,,,,,,,,,,,,,,,,,,,,,,,,,,,,,,,,,,,,,,,,,,,,,,,,,,,,,,,,,,,,,,,,,,,,,,,,,,,,,,,,,,,,,,,,
163,Bank 208,N23-DEC,00:19:0B:85:4A:14,N2322A10009222,23,Static IP,10.40.242.243,255.255.255.0,10.40.242.1,Live Play,6/5/2018,6/5/2018,0,0,,,,9600,,0,0,,,,,,,,,,,,,,,,,,,,,,,,,,,,,,,,,,,,,,,,,,,,,,,,,,,,,,,,,,,,,,,,,,,,,,,,,,,,,,,,,,,,,,,,,,,,,,,,,,,,,,,,,,,,,,,,,,,,,,,,,,,,,,,,,,,,,,,,,,,,,,,,,,,,,,,,,,
164,Bank 302,N23-DEC,00:19:0B:85:4A:29,N2322A10009243,23,Static IP,10.40.242.239,255.255.255.0,10.40.242.1,Live Play,6/5/2018,6/5/2018,0,0,,,,9600,,0,0,,,,,,,,,,,,,,,,,,,,,,,,,,,,,,,,,,,,,,,,,,,,,,,,,,,,,,,,,,,,,,,,,,,,,,,,,,,,,,,,,,,,,,,,,,,,,,,,,,,,,,,,,,,,,,,,,,,,,,,,,,,,,,,,,,,,,,,,,,,,,,,,,,,,,,,,,,
165,Bank 403,N23-DEC,00:19:0B:85:4B:C4,N2322A10009654,23,Static IP,10.40.242.251,255.255.255.0,10.40.242.1,Live Play,6/5/2018,6/5/2018,0,0,,,,9600,,0,0,,,,,,,,,,,,,,,,,,,,,,,,,,,,,,,,,,,,,,,,,,,,,,,,,,,,,,,,,,,,,,,,,,,,,,,,,,,,,,,,,,,,,,,,,,,,,,,,,,,,,,,,,,,,,,,,,,,,,,,,,,,,,,,,,,,,,,,,,,,,,,,,,,,,,,,,,,
166,Bank 406,N23-DEC,00:19:0B:85:4A:24,N2322A10009238,24,Static IP,10.40.242.248,255.255.255.0,10.40.242.1,Live Play,6/5/2018,6/5/2018,0,0,,,,9600,,0,0,,,,,,,,,,,,,,,,,,,,,,,,,,,,,,,,,,,,,,,,,,,,,,,,,,,,,,,,,,,,,,,,,,,,,,,,,,,,,,,,,,,,,,,,,,,,,,,,,,,,,,,,,,,,,,,,,,,,,,,,,,,,,,,,,,,,,,,,,,,,,,,,,,,,,,,,,,
167,Bank 410,N23-DEC,00:19:0B:85:4A:10,N2322A10009218,23,Static IP,10.40.242.246,255.255.255.0,10.40.242.1,Live Play,6/5/2018,6/5/2018,0,0,,,,9600,,0,0,,,,,,,,,,,,,,,,,,,,,,,,,,,,,,,,,,,,,,,,,,,,,,,,,,,,,,,,,,,,,,,,,,,,,,,,,,,,,,,,,,,,,,,,,,,,,,,,,,,,,,,,,,,,,,,,,,,,,,,,,,,,,,,,,,,,,,,,,,,,,,,,,,,,,,,,,,
168,Bank 505,N23-DEC,00:19:0B:85:4B:C9,N2322A10009659,23,Static IP,10.40.242.252,255.255.255.0,10.40.242.1,Live Play,6/5/2018,6/5/2018,28,0,,,,9600,,0,0,,,,,,,,,,,,,,,,,,,,,,,,,,,,,,,,,,,,,,,,,,,,,,,,,,,,,,,,,,,,,,,,,,,,,,,,,,,,,,,,,,,,,,,,,,,,,,,,,,,,,,,,,,,,,,,,,,,,,,,,,,,,,,,,,,,,,,,,,,,,,,,,,,,,,,,,,,
169,Bank 508,N23-DEC,00:19:0B:85:4A:06,N2322A10009208,23,Static IP,10.40.242.249,255.255.255.0,10.40.242.1,Live Play,6/5/2018,6/5/2018,0,0,,,,9600,,0,0,,,,,,,,,,,,,,,,,,,,,,,,,,,,,,,,,,,,,,,,,,,,,,,,,,,,,,,,,,,,,,,,,,,,,,,,,,,,,,,,,,,,,,,,,,,,,,,,,,,,,,,,,,,,,,,,,,,,,,,,,,,,,,,,,,,,,,,,,,,,,,,,,,,,,,,,,,
170,Bank 509,N23-DEC,00:19:0B:85:4A:05,N2322A10009207,23,Static IP,10.40.242.250,255.255.255.0,10.40.242.1,Live Play,6/5/2018,6/5/2018,0,0,,,,9600,,0,0,,,,,,,,,,,,,,,,,,,,,,,,,,,,,,,,,,,,,,,,,,,,,,,,,,,,,,,,,,,,,,,,,,,,,,,,,,,,,,,,,,,,,,,,,,,,,,,,,,,,,,,,,,,,,,,,,,,,,,,,,,,,,,,,,,,,,,,,,,,,,,,,,,,,,,,,,,
171,Bank 511,N23-DEC,00:19:0B:85:4A:08,N2322A10009210,23,Static IP,10.40.242.247,255.255.255.0,10.40.242.1,Live Play,6/5/2018,6/5/2018,0,0,,,,9600,,0,0,,,,,,,,,,,,,,,,,,,,,,,,,,,,,,,,,,,,,,,,,,,,,,,,,,,,,,,,,,,,,,,,,,,,,,,,,,,,,,,,,,,,,,,,,,,,,,,,,,,,,,,,,,,,,,,,,,,,,,,,,,,,,,,,,,,,,,,,,,,,,,,,,,,,,,,,,,
172,Bank 513,N23-DEC,00:19:0B:85:4A:0B,N2322A10009213,23,Static IP,10.40.242.245,255.255.255.0,10.40.242.1,Live Play,6/5/2018,6/5/2018,0,0,,,,9600,,0,0,,,,,,,,,,,,,,,,,,,,,,,,,,,,,,,,,,,,,,,,,,,,,,,,,,,,,,,,,,,,,,,,,,,,,,,,,,,,,,,,,,,,,,,,,,,,,,,,,,,,,,,,,,,,,,,,,,,,,,,,,,,,,,,,,,,,,,,,,,,,,,,,,,,,,,,,,,
173,Bank 514,N23-DEC,00:19:0B:85:4A:15,N2322A10009223,23,Static IP,10.40.242.253,255.255.255.0,10.40.242.1,Live Play,6/5/2018,6/5/2018,0,0,,,,9600,,0,1,,,,,,,,,,,,,,,,,,,,,,,,,,,,,,,,,,,,,,,,,,,,,,,,,,,,,,,,,,,,,,,,,,,,,,,,,,,,,,,,,,,,,,,,,,,,,,,,,,,,,,,,,,,,,,,,,,,,,,,,,,,,,,,,,,,,,,,,,,,,,,,,,,,,,,,,,,
174,Bank 601,N23-DEC,00:19:0B:85:4A:03,N2322A10009205,23,Static IP,10.40.242.241,255.255.255.0,10.40.242.1,Live Play,6/5/2018,6/5/2018,0,0,,,,9600,,0,0,,,,,,,,,,,,,,,,,,,,,,,,,,,,,,,,,,,,,,,,,,,,,,,,,,,,,,,,,,,,,,,,,,,,,,,,,,,,,,,,,,,,,,,,,,,,,,,,,,,,,,,,,,,,,,,,,,,,,,,,,,,,,,,,,,,,,,,,,,,,,,,,,,,,,,,,,,
175,Bank 602,N23-DEC,00:19:0B:85:4A:04,N2322A10009206,24,Static IP,10.40.242.242,255.255.255.0,10.40.242.1,Live Play,6/5/2018,6/5/2018,0,0,,,,9600,,0,0,,,,,,,,,,,,,,,,,,,,,,,,,,,,,,,,,,,,,,,,,,,,,,,,,,,,,,,,,,,,,,,,,,,,,,,,,,,,,,,,,,,,,,,,,,,,,,,,,,,,,,,,,,,,,,,,,,,,,,,,,,,,,,,,,,,,,,,,,,,,,,,,,,,,,,,,,,
176,Bank 607,N23-DEC,00:19:0B:85:4A:02,N2322A10009204,23,Static IP,10.40.242.238,255.255.255.0,10.40.242.1,Live Play,6/5/2018,6/5/2018,0,0,,,,9600,,0,0,,,,,,,,,,,,,,,,,,,,,,,,,,,,,,,,,,,,,,,,,,,,,,,,,,,,,,,,,,,,,,,,,,,,,,,,,,,,,,,,,,,,,,,,,,,,,,,,,,,,,,,,,,,,,,,,,,,,,,,,,,,,,,,,,,,,,,,,,,,,,,,,,,,,,,,,,,
177,Bank 804,N23-DEC,00:19:0B:85:4A:0D,N2322A10009215,23,Static IP,10.40.242.240,255.255.255.0,10.40.242.1,Live Play,6/5/2018,6/5/2018,0,0,,,,9600,,0,0,,,,,,,,,,,,,,,,,,,,,,,,,,,,,,,,,,,,,,,,,,,,,,,,,,,,,,,,,,,,,,,,,,,,,,,,,,,,,,,,,,,,,,,,,,,,,,,,,,,,,,,,,,,,,,,,,,,,,,,,,,,,,,,,,,,,,,,,,,,,,,,,,,,,,,,,,,
178,Conference Room,N23-DEC,00:19:0B:85:4A:1D,N2322A10009231,11,Static IP,10.40.242.131,255.255.255.0,10.40.242.1,Live Play,6/5/2018,6/5/2018,0,1,,,,9600,,0,1,,,,,,,,,,,,,,,,,,,,,,,,,,,,,,,,,,,,,,,,,,,,,,,,,,,,,,,,,,,,,,,,,,,,,,,,,,,,,,,,,,,,,,,,,,,,,,,,,,,,,,,,,,,,,,,,,,,,,,,,,,,,,,,,,,,,,,,,,,,,,,,,,,,,,,,,,,
179,Local Preview,N23-DEC,00:19:0B:85:4B:E9,N2322A10009691,24,Static IP,10.40.242.213,255.255.255.0,10.40.242.1,Live Play,6/5/2018,6/5/2018,0,1,,,,9600,,0,1,,,,,,,,,,,,,,,,,,,,,,,,,,,,,,,,,,,,,,,,,,,,,,,,,,,,,,,,,,,,,,,,,,,,,,,,,,,,,,,,,,,,,,,,,,,,,,,,,,,,,,,,,,,,,,,,,,,,,,,,,,,,,,,,,,,,,,,,,,,,,,,,,,,,,,,,,,
180,IPTVSRV-01,NCMD,00:19:0B:84:2A:86,N8012B00001113,0,,10.40.242.51,255.255.255.0,,,3/1/2018,3/15/2018,,0,,,,,,,,,,,,,,,,,,,,,,,,,,,,,,,,,,,,,,,,,,,,,,,,,,,,,,,,,,,,,,,,,,,,,,,,,,,,,,,,,,,,,,,,,,,,,,,,,,,,,,,,,,,,,,,,,,,,,,,,,,,,,,,,,,,,,,,,,,,,,,,,,,,,,,,,,,,,,,,,,
181,CATV 01,N23-ENC,00:19:0B:85:19:42,N2312A00003983,11,Static IP,10.40.242.81,255.255.255.0,10.40.242.1,Live Play,6/5/2018,6/5/2018,,1,,,0,,auto,,,,,,,,,,,,,,,,,,,,,,,,,,,,,,,,,,,,,,,,,,,,,,,,,,,,,,,,,,,,,,,,,,,,,,,,,,,,,,,,,,,,,,,,,,,,,,,,,,,,,,,,,,,,,,,,,,,,,,,,,,,,,,,,,,,,,,,,,,,,,,,,,,,,,,,,,,,,
182,CATV 02,N23-ENC,00:19:0B:85:19:3E,N2312A00003979,12,Static IP,10.40.242.82,255.255.255.0,10.40.242.1,Live Play,6/5/2018,6/5/2018,,1,,,0,,auto,,,,,,,,,,,,,,,,,,,,,,,,,,,,,,,,,,,,,,,,,,,,,,,,,,,,,,,,,,,,,,,,,,,,,,,,,,,,,,,,,,,,,,,,,,,,,,,,,,,,,,,,,,,,,,,,,,,,,,,,,,,,,,,,,,,,,,,,,,,,,,,,,,,,,,,,,,,,
183,CATV 03,N23-ENC,00:19:0B:85:19:66,N2312A00004019,13,Static IP,10.40.242.83,255.255.255.0,10.40.242.1,Live Play,6/5/2018,6/5/2018,,1,,,0,,auto,,,,,,,,,,,,,,,,,,,,,,,,,,,,,,,,,,,,,,,,,,,,,,,,,,,,,,,,,,,,,,,,,,,,,,,,,,,,,,,,,,,,,,,,,,,,,,,,,,,,,,,,,,,,,,,,,,,,,,,,,,,,,,,,,,,,,,,,,,,,,,,,,,,,,,,,,,,,
184,CATV 04,N23-ENC,00:19:0B:85:19:3B,N2312A00003976,14,Static IP,10.40.242.84,255.255.255.0,10.40.242.1,Live Play,6/5/2018,6/5/2018,,1,,,0,,auto,,,,,,,,,,,,,,,,,,,,,,,,,,,,,,,,,,,,,,,,,,,,,,,,,,,,,,,,,,,,,,,,,,,,,,,,,,,,,,,,,,,,,,,,,,,,,,,,,,,,,,,,,,,,,,,,,,,,,,,,,,,,,,,,,,,,,,,,,,,,,,,,,,,,,,,,,,,,
185,CATV 05,N23-ENC,00:19:0B:85:19:3A,N2312A00003975,15,Static IP,10.40.242.85,255.255.255.0,10.40.242.1,Live Play,6/5/2018,6/5/2018,,1,,,0,,auto,,,,,,,,,,,,,,,,,,,,,,,,,,,,,,,,,,,,,,,,,,,,,,,,,,,,,,,,,,,,,,,,,,,,,,,,,,,,,,,,,,,,,,,,,,,,,,,,,,,,,,,,,,,,,,,,,,,,,,,,,,,,,,,,,,,,,,,,,,,,,,,,,,,,,,,,,,,,
186,CATV 06,N23-ENC,00:19:0B:85:19:44,N2312A00003985,16,Static IP,10.40.242.86,255.255.255.0,10.40.242.1,Live Play,6/5/2018,6/5/2018,,1,,,0,,auto,,,,,,,,,,,,,,,,,,,,,,,,,,,,,,,,,,,,,,,,,,,,,,,,,,,,,,,,,,,,,,,,,,,,,,,,,,,,,,,,,,,,,,,,,,,,,,,,,,,,,,,,,,,,,,,,,,,,,,,,,,,,,,,,,,,,,,,,,,,,,,,,,,,,,,,,,,,,
187,CATV 07,N23-ENC,00:19:0B:85:19:49,N2312A00003990,17,Static IP,10.40.242.87,255.255.255.0,10.40.242.1,Live Play,6/5/2018,6/5/2018,,1,,,0,,auto,,,,,,,,,,,,,,,,,,,,,,,,,,,,,,,,,,,,,,,,,,,,,,,,,,,,,,,,,,,,,,,,,,,,,,,,,,,,,,,,,,,,,,,,,,,,,,,,,,,,,,,,,,,,,,,,,,,,,,,,,,,,,,,,,,,,,,,,,,,,,,,,,,,,,,,,,,,,
188,CATV 08,N23-ENC,00:19:0B:85:19:8C,N2312A00004057,18,Static IP,10.40.242.88,255.255.255.0,10.40.242.1,Live Play,6/5/2018,6/5/2018,,1,,,0,,auto,,,,,,,,,,,,,,,,,,,,,,,,,,,,,,,,,,,,,,,,,,,,,,,,,,,,,,,,,,,,,,,,,,,,,,,,,,,,,,,,,,,,,,,,,,,,,,,,,,,,,,,,,,,,,,,,,,,,,,,,,,,,,,,,,,,,,,,,,,,,,,,,,,,,,,,,,,,,
189,CATV 09,N23-ENC,00:19:0B:85:19:48,N2312A00003989,19,Static IP,10.40.242.89,255.255.255.0,10.40.242.1,Live Play,6/5/2018,6/5/2018,,1,,,0,,auto,,,,,,,,,,,,,,,,,,,,,,,,,,,,,,,,,,,,,,,,,,,,,,,,,,,,,,,,,,,,,,,,,,,,,,,,,,,,,,,,,,,,,,,,,,,,,,,,,,,,,,,,,,,,,,,,,,,,,,,,,,,,,,,,,,,,,,,,,,,,,,,,,,,,,,,,,,,,
190,CATV 10,N23-ENC,00:19:0B:85:19:43,N2312A00003984,20,Static IP,10.40.242.90,255.255.255.0,10.40.242.1,Live Play,6/5/2018,6/5/2018,,1,,,0,,auto,,,,,,,,,,,,,,,,,,,,,,,,,,,,,,,,,,,,,,,,,,,,,,,,,,,,,,,,,,,,,,,,,,,,,,,,,,,,,,,,,,,,,,,,,,,,,,,,,,,,,,,,,,,,,,,,,,,,,,,,,,,,,,,,,,,,,,,,,,,,,,,,,,,,,,,,,,,,
191,CATV 11,N23-ENC,00:19:0B:85:19:4A,N2312A00003991,21,Static IP,10.40.242.91,255.255.255.0,10.40.242.1,Live Play,6/5/2018,6/5/2018,,1,,,0,,auto,,,,,,,,,,,,,,,,,,,,,,,,,,,,,,,,,,,,,,,,,,,,,,,,,,,,,,,,,,,,,,,,,,,,,,,,,,,,,,,,,,,,,,,,,,,,,,,,,,,,,,,,,,,,,,,,,,,,,,,,,,,,,,,,,,,,,,,,,,,,,,,,,,,,,,,,,,,,
192,CATV 12,N23-ENC,00:19:0B:85:19:45,N2312A00003986,22,Static IP,10.40.242.92,255.255.255.0,10.40.242.1,Live Play,6/5/2018,6/5/2018,,1,,,0,,auto,,,,,,,,,,,,,,,,,,,,,,,,,,,,,,,,,,,,,,,,,,,,,,,,,,,,,,,,,,,,,,,,,,,,,,,,,,,,,,,,,,,,,,,,,,,,,,,,,,,,,,,,,,,,,,,,,,,,,,,,,,,,,,,,,,,,,,,,,,,,,,,,,,,,,,,,,,,,
193,Encoder 25,N23-ENC,00:19:0B:85:19:3C,N2312A00003977,25,Static IP,10.40.242.95,255.255.255.0,10.40.242.1,Live Play,6/5/2018,6/5/2018,,1,,,0,,auto,,,,,,,,,,,,,,,,,,,,,,,,,,,,,,,,,,,,,,,,,,,,,,,,,,,,,,,,,,,,,,,,,,,,,,,,,,,,,,,,,,,,,,,,,,,,,,,,,,,,,,,,,,,,,,,,,,,,,,,,,,,,,,,,,,,,,,,,,,,,,,,,,,,,,,,,,,,,
194,Encoder 27,N23-ENC,00:19:0B:85:19:41,N2312A00003982,27,Static IP,10.40.242.97,255.255.255.0,10.40.242.1,Live Play,6/5/2018,6/5/2018,,1,,,0,,auto,,,,,,,,,,,,,,,,,,,,,,,,,,,,,,,,,,,,,,,,,,,,,,,,,,,,,,,,,,,,,,,,,,,,,,,,,,,,,,,,,,,,,,,,,,,,,,,,,,,,,,,,,,,,,,,,,,,,,,,,,,,,,,,,,,,,,,,,,,,,,,,,,,,,,,,,,,,,
195,Encoder 28,N23-ENC,00:19:0B:85:19:3F,N2312A00003980,28,Static IP,10.40.242.98,255.255.255.0,10.40.242.1,Live Play,6/5/2018,6/5/2018,,1,,,0,,auto,,,,,,,,,,,,,,,,,,,,,,,,,,,,,,,,,,,,,,,,,,,,,,,,,,,,,,,,,,,,,,,,,,,,,,,,,,,,,,,,,,,,,,,,,,,,,,,,,,,,,,,,,,,,,,,,,,,,,,,,,,,,,,,,,,,,,,,,,,,,,,,,,,,,,,,,,,,,
196,Exacta 01,N23-ENC,00:19:0B:85:19:47,N2312A00003988,23,Static IP,10.40.242.93,255.255.255.0,10.40.242.1,Live Play,6/5/2018,6/5/2018,,1,,,0,,auto,,,,,,,,,,,,,,,,,,,,,,,,,,,,,,,,,,,,,,,,,,,,,,,,,,,,,,,,,,,,,,,,,,,,,,,,,,,,,,,,,,,,,,,,,,,,,,,,,,,,,,,,,,,,,,,,,,,,,,,,,,,,,,,,,,,,,,,,,,,,,,,,,,,,,,,,,,,,
197,Exacta 02,N23-ENC,00:19:0B:85:19:4B,N2312A00003992,24,Static IP,10.40.242.94,255.255.255.0,10.40.242.1,Live Play,6/5/2018,6/5/2018,,1,,,0,,auto,,,,,,,,,,,,,,,,,,,,,,,,,,,,,,,,,,,,,,,,,,,,,,,,,,,,,,,,,,,,,,,,,,,,,,,,,,,,,,,,,,,,,,,,,,,,,,,,,,,,,,,,,,,,,,,,,,,,,,,,,,,,,,,,,,,,,,,,,,,,,,,,,,,,,,,,,,,,
198,MGT,N23-ENC,00:19:0B:85:19:39,N2312A00003974,26,Static IP,10.40.242.96,255.255.255.0,10.40.242.1,Live Play,6/5/2018,6/5/2018,,1,,,0,,auto,,,,,,,,,,,,,,,,,,,,,,,,,,,,,,,,,,,,,,,,,,,,,,,,,,,,,,,,,,,,,,,,,,,,,,,,,,,,,,,,,,,,,,,,,,,,,,,,,,,,,,,,,,,,,,,,,,,,,,,,,,,,,,,,,,,,,,,,,,,,,,,,,,,,,,,,,,,,
199,SAT 01,N23-ENC,00:19:0B:85:1A:7E,N2312A00004299,1,Static IP,10.40.242.71,255.255.255.0,10.40.242.1,Live Play,6/5/2018,6/5/2018,,1,,,0,,auto,,,,,,,,,,,,,,,,,,,,,,,,,,,,,,,,,,,,,,,,,,,,,,,,,,,,,,,,,,,,,,,,,,,,,,,,,,,,,,,,,,,,,,,,,,,,,,,,,,,,,,,,,,,,,,,,,,,,,,,,,,,,,,,,,,,,,,,,,,,,,,,,,,,,,,,,,,,,
200,SAT 02,N23-ENC,00:19:0B:85:1A:61,N2312A00004270,2,Static IP,10.40.242.72,255.255.255.0,10.40.242.1,Live Play,6/5/2018,6/5/2018,,1,,,0,,auto,,,,,,,,,,,,,,,,,,,,,,,,,,,,,,,,,,,,,,,,,,,,,,,,,,,,,,,,,,,,,,,,,,,,,,,,,,,,,,,,,,,,,,,,,,,,,,,,,,,,,,,,,,,,,,,,,,,,,,,,,,,,,,,,,,,,,,,,,,,,,,,,,,,,,,,,,,,,
201,SAT 03,N23-ENC,00:19:0B:85:1A:84,N2312A00004305,3,Static IP,10.40.242.73,255.255.255.0,10.40.242.1,Live Play,6/5/2018,6/5/2018,,1,,,0,,auto,,,,,,,,,,,,,,,,,,,,,,,,,,,,,,,,,,,,,,,,,,,,,,,,,,,,,,,,,,,,,,,,,,,,,,,,,,,,,,,,,,,,,,,,,,,,,,,,,,,,,,,,,,,,,,,,,,,,,,,,,,,,,,,,,,,,,,,,,,,,,,,,,,,,,,,,,,,,
202,SAT 04,N23-ENC,00:19:0B:85:1A:88,N2312A00004309,4,Static IP,10.40.242.74,255.255.255.0,10.40.242.1,Live Play,6/5/2018,6/5/2018,,1,,,0,,auto,,,,,,,,,,,,,,,,,,,,,,,,,,,,,,,,,,,,,,,,,,,,,,,,,,,,,,,,,,,,,,,,,,,,,,,,,,,,,,,,,,,,,,,,,,,,,,,,,,,,,,,,,,,,,,,,,,,,,,,,,,,,,,,,,,,,,,,,,,,,,,,,,,,,,,,,,,,,
203,SAT 05,N23-ENC,00:19:0B:85:1A:7F,N2312A00004300,5,Static IP,10.40.242.75,255.255.255.0,10.40.242.1,Live Play,6/5/2018,6/5/2018,,1,,,0,,auto,,,,,,,,,,,,,,,,,,,,,,,,,,,,,,,,,,,,,,,,,,,,,,,,,,,,,,,,,,,,,,,,,,,,,,,,,,,,,,,,,,,,,,,,,,,,,,,,,,,,,,,,,,,,,,,,,,,,,,,,,,,,,,,,,,,,,,,,,,,,,,,,,,,,,,,,,,,,
204,SAT 06,N23-ENC,00:19:0B:85:1A:85,N2312A00004306,6,Static IP,10.40.242.76,255.255.255.0,10.40.242.1,Live Play,6/5/2018,6/5/2018,,1,,,0,,auto,,,,,,,,,,,,,,,,,,,,,,,,,,,,,,,,,,,,,,,,,,,,,,,,,,,,,,,,,,,,,,,,,,,,,,,,,,,,,,,,,,,,,,,,,,,,,,,,,,,,,,,,,,,,,,,,,,,,,,,,,,,,,,,,,,,,,,,,,,,,,,,,,,,,,,,,,,,,
205,SAT 07,N23-ENC,00:19:0B:85:19:3D,N2312A00003978,7,Static IP,10.40.242.77,255.255.255.0,10.40.242.1,Live Play,6/5/2018,6/5/2018,,1,,,0,,auto,,,,,,,,,,,,,,,,,,,,,,,,,,,,,,,,,,,,,,,,,,,,,,,,,,,,,,,,,,,,,,,,,,,,,,,,,,,,,,,,,,,,,,,,,,,,,,,,,,,,,,,,,,,,,,,,,,,,,,,,,,,,,,,,,,,,,,,,,,,,,,,,,,,,,,,,,,,,
206,SAT 08,N23-ENC,00:19:0B:85:19:46,N2312A00003987,8,Static IP,10.40.242.78,255.255.255.0,10.40.242.1,Live Play,6/5/2018,6/5/2018,,1,,,0,,auto,,,,,,,,,,,,,,,,,,,,,,,,,,,,,,,,,,,,,,,,,,,,,,,,,,,,,,,,,,,,,,,,,,,,,,,,,,,,,,,,,,,,,,,,,,,,,,,,,,,,,,,,,,,,,,,,,,,,,,,,,,,,,,,,,,,,,,,,,,,,,,,,,,,,,,,,,,,,
207,SAT 09,N23-ENC,00:19:0B:85:19:40,N2312A00003981,9,Static IP,10.40.242.79,255.255.255.0,10.40.242.1,Live Play,6/5/2018,6/5/2018,,1,,,0,,auto,,,,,,,,,,,,,,,,,,,,,,,,,,,,,,,,,,,,,,,,,,,,,,,,,,,,,,,,,,,,,,,,,,,,,,,,,,,,,,,,,,,,,,,,,,,,,,,,,,,,,,,,,,,,,,,,,,,,,,,,,,,,,,,,,,,,,,,,,,,,,,,,,,,,,,,,,,,,
208,SAT 10,N23-ENC,00:19:0B:85:19:38,N2312A00003973,10,Static IP,10.40.242.80,255.255.255.0,10.40.242.1,Live Play,6/5/2018,6/5/2018,,1,,,0,,auto,,,,,,,,,,,,,,,,,,,,,,,,,,,,,,,,,,,,,,,,,,,,,,,,,,,,,,,,,,,,,,,,,,,,,,,,,,,,,,,,,,,,,,,,,,,,,,,,,,,,,,,,,,,,,,,,,,,,,,,,,,,,,,,,,,,,,,,,,,,,,,,,,,,,,,,,,,,,
